Hotel_Name,Location,Price,Rating,Score,Total_Review,Link
FabHotel Bliss Residency,Bhopal,"1,373",Good ,7.7,13 reviews,https://www.booking.com/hotel/in/fabhotel-bliss-residency.en-gb.html?label=01GJFNK1PCSM64316DS43XCZ31_01JRAMTJRYBQWGFXKPCWNWAP9M&sid=bad31d1cf71f9466f030b12a9b67fde7&aid=2375516&ucfs=1&arphpl=1&checkin=2025-04-10&checkout=2025-04-11&dest_id=-2091670&dest_type=city&group_adults=2&req_adults=2&no_rooms=1&group_children=0&req_children=0&hpos=1&hapos=1&sr_order=popularity&srpvid=e19b558a909f09dd&srepoch=1744114199&all_sr_blocks=1311800301_410204431_2_0_0&highlighted_blocks=1311800301_410204431_2_0_0&matching_block_id=1311800301_410204431_2_0_0&sr_pri_blocks=1311800301_410204431_2_0_0__137342&from=searchresults#hotelTmpl
Radisson Bhopal,Bhopal,"5,599",Superb ,9.0,827 reviews,https://www.booking.com/hotel/in/radisson-bhopal.en-gb.html?label=01GJFNK1PCSM64316DS43XCZ31_01JRAMTJRYBQWGFXKPCWNWAP9M&sid=bad31d1cf71f9466f030b12a9b67fde7&aid=2375516&ucfs=1&arphpl=1&checkin=2025-04-10&checkout=2025-04-11&dest_id=-2091670&dest_type=city&group_adults=2&req_adults=2&no_rooms=1&group_children=0&req_children=0&hpos=2&hapos=2&sr_order=popularity&srpvid=e19b558a909f09dd&srepoch=1744114199&all_sr_blocks=769867401_334773067_2_42_0_25420&highlighted_blocks=769867401_334773067_2_42_0_25420&matching_block_id=769867401_334773067_2_42_0_25420&sr_pri_blocks=769867401_334773067_2_42_0_25420_559900&from=searchresults#hotelTmpl
Hotel O MANGLAM PALACE,Bhopal,545,Review score ,1.7,11 reviews,https://www.booking.com/hotel/in/oyo-78787-manglam-palace.en-gb.html?label=01GJFNK1PCSM64316DS43XCZ31_01JRAMTJRYBQWGFXKPCWNWAP9M&sid=bad31d1cf71f9466f030b12a9b67fde7&aid=2375516&ucfs=1&arphpl=1&checkin=2025-04-10&checkout=2025-04-11&dest_id=-2091670&dest_type=city&group_adults=2&req_adults=2&no_rooms=1&group_children=0&req_children=0&hpos=3&hapos=3&sr_order=popularity&srpvid=e19b558a909f09dd&srepoch=1744114199&all_sr_blocks=712981802_377524454_2_2_0&highlighted_blocks=712981802_377524454_2_2_0&matching_block_id=712981802_377524454_2_2_0&sr_pri_blocks=712981802_377524454_2_2_0__54526&from=searchresults#hotelTmpl
One bhk Villa Home stay,Bhopal,"2,200",NaN,NaN,NaN,https://www.booking.com/hotel/in/villa-near-jk-hospital-aiims-hospital.en-gb.html?label=01GJFNK1PCSM64316DS43XCZ31_01JRAMTJRYBQWGFXKPCWNWAP9M&sid=bad31d1cf71f9466f030b12a9b67fde7&aid=2375516&ucfs=1&arphpl=1&checkin=2025-04-10&checkout=2025-04-11&dest_id=-2091670&dest_type=city&group_adults=2&req_adults=2&no_rooms=1&group_children=0&req_children=0&hpos=4&hapos=4&sr_order=popularity&srpvid=e19b558a909f09dd&srepoch=1744114199&all_sr_blocks=1308616601_405110318_3_0_0&highlighted_blocks=1308616601_405110318_3_0_0&matching_block_id=1308616601_405110318_3_0_0&sr_pri_blocks=1308616601_405110318_3_0_0__220000&from=searchresults#hotelTmpl
Hotel Gaur Heritage Inn,Bhopal,"1,425",NaN,NaN,NaN,https://www.booking.com/hotel/in/gaur-heritage-inn.en-gb.html?label=01GJFNK1PCSM64316DS43XCZ31_01JRAMTJRYBQWGFXKPCWNWAP9M&sid=bad31d1cf71f9466f030b12a9b67fde7&aid=2375516&ucfs=1&arphpl=1&checkin=2025-04-10&checkout=2025-04-11&dest_id=-2091670&dest_type=city&group_adults=2&req_adults=2&no_rooms=1&group_children=0&req_children=0&hpos=5&hapos=5&sr_order=popularity&srpvid=e19b558a909f09dd&srepoch=1744114199&all_sr_blocks=1389851904_410969580_2_0_0_872627&highlighted_blocks=1389851904_410969580_2_0_0_872627&matching_block_id=1389851904_410969580_2_0_0_872627&sr_pri_blocks=1389851904_410969580_2_0_0_872627_142500&from=searchresults#hotelTmpl
Hotel O York Residency,Bhopal,628,NaN,NaN,NaN,https://www.booking.com/hotel/in/o-york-residency.en-gb.html?label=01GJFNK1PCSM64316DS43XCZ31_01JRAMTJRYBQWGFXKPCWNWAP9M&sid=bad31d1cf71f9466f030b12a9b67fde7&aid=2375516&ucfs=1&arphpl=1&checkin=2025-04-10&checkout=2025-04-11&dest_id=-2091670&dest_type=city&group_adults=2&req_adults=2&no_rooms=1&group_children=0&req_children=0&hpos=6&hapos=6&sr_order=popularity&srpvid=e19b558a909f09dd&srepoch=1744114199&all_sr_blocks=1354373903_407767047_2_0_0&highlighted_blocks=1354373903_407767047_2_0_0&matching_block_id=1354373903_407767047_2_0_0&sr_pri_blocks=1354373903_407767047_2_0_0__62839&from=searchresults#hotelTmpl
Lemon Tree Hotel Bhopal,Bhopal,"5,400",Review score ,6.9,95 reviews,https://www.booking.com/hotel/in/surendra-vilas-bhopal.en-gb.html?label=01GJFNK1PCSM64316DS43XCZ31_01JRAMTJRYBQWGFXKPCWNWAP9M&sid=bad31d1cf71f9466f030b12a9b67fde7&aid=2375516&ucfs=1&arphpl=1&checkin=2025-04-10&checkout=2025-04-11&dest_id=-2091670&dest_type=city&group_adults=2&req_adults=2&no_rooms=1&group_children=0&req_children=0&hpos=7&hapos=7&sr_order=popularity&srpvid=e19b558a909f09dd&srepoch=1744114199&all_sr_blocks=547621708_380590708_2_42_0&highlighted_blocks=547621708_380590708_2_42_0&matching_block_id=547621708_380590708_2_42_0&sr_pri_blocks=547621708_380590708_2_42_0__540000&from=searchresults#hotelTmpl
FabHotel Prime Oasis Orange,Bhopal,"1,647",Good ,7.8,118 reviews,https://www.booking.com/hotel/in/fabhotel-prime-oasis-orange.en-gb.html?label=01GJFNK1PCSM64316DS43XCZ31_01JRAMTJRYBQWGFXKPCWNWAP9M&sid=bad31d1cf71f9466f030b12a9b67fde7&aid=2375516&ucfs=1&arphpl=1&checkin=2025-04-10&checkout=2025-04-11&dest_id=-2091670&dest_type=city&group_adults=2&req_adults=2&no_rooms=1&group_children=0&req_children=0&hpos=8&hapos=8&sr_order=popularity&srpvid=e19b558a909f09dd&srepoch=1744114199&all_sr_blocks=1146445701_410204654_2_0_0&highlighted_blocks=1146445701_410204654_2_0_0&matching_block_id=1146445701_410204654_2_0_0&sr_pri_blocks=1146445701_410204654_2_0_0__164689&from=searchresults#hotelTmpl
"Hotel LA PEARL, Bhopal",Bhopal,"2,834",Exceptional ,9.5,2 reviews,https://www.booking.com/hotel/in/la-pearl-bhopal.en-gb.html?label=01GJFNK1PCSM64316DS43XCZ31_01JRAMTJRYBQWGFXKPCWNWAP9M&sid=bad31d1cf71f9466f030b12a9b67fde7&aid=2375516&ucfs=1&arphpl=1&checkin=2025-04-10&checkout=2025-04-11&dest_id=-2091670&dest_type=city&group_adults=2&req_adults=2&no_rooms=1&group_children=0&req_children=0&hpos=9&hapos=9&sr_order=popularity&srpvid=e19b558a909f09dd&srepoch=1744114199&all_sr_blocks=1202778201_392531147_2_0_0&highlighted_blocks=1202778201_392531147_2_0_0&matching_block_id=1202778201_392531147_2_0_0&sr_pri_blocks=1202778201_392531147_2_0_0__283437&from=searchresults#hotelTmpl
Sapphire Blue,Bhopal,"4,100",Very good ,8.0,15 reviews,https://www.booking.com/hotel/in/sapphire-blue.en-gb.html?label=01GJFNK1PCSM64316DS43XCZ31_01JRAMTJRYBQWGFXKPCWNWAP9M&sid=bad31d1cf71f9466f030b12a9b67fde7&aid=2375516&ucfs=1&arphpl=1&checkin=2025-04-10&checkout=2025-04-11&dest_id=-2091670&dest_type=city&group_adults=2&req_adults=2&no_rooms=1&group_children=0&req_children=0&hpos=10&hapos=10&sr_order=popularity&srpvid=e19b558a909f09dd&srepoch=1744114199&all_sr_blocks=1266892001_408452317_2_2_0&highlighted_blocks=1266892001_408452317_2_2_0&matching_block_id=1266892001_408452317_2_2_0&sr_pri_blocks=1266892001_408452317_2_2_0__410000&from=searchresults#hotelTmpl
Enrise by Sayaji Bhopal,Bhopal,"4,000",Review score ,6.2,30 reviews,https://www.booking.com/hotel/in/sayaji-bhopal.en-gb.html?label=01GJFNK1PCSM64316DS43XCZ31_01JRAMTJRYBQWGFXKPCWNWAP9M&sid=bad31d1cf71f9466f030b12a9b67fde7&aid=2375516&ucfs=1&arphpl=1&checkin=2025-04-10&checkout=2025-04-11&dest_id=-2091670&dest_type=city&group_adults=2&req_adults=2&no_rooms=1&group_children=0&req_children=0&hpos=11&hapos=11&sr_order=popularity&srpvid=e19b558a909f09dd&srepoch=1744114199&all_sr_blocks=181611002_365076867_0_2_0&highlighted_blocks=181611002_365076867_0_2_0&matching_block_id=181611002_365076867_0_2_0&sr_pri_blocks=181611002_365076867_0_2_0__400000&from=searchresults#hotelTmpl
FabHotel Prime Oasis Blue,Bhopal,"2,059",Very good ,8.2,716 reviews,https://www.booking.com/hotel/in/capital-o-29355-oasis-blue-bhopal123456789101112.en-gb.html?label=01GJFNK1PCSM64316DS43XCZ31_01JRAMTJRYBQWGFXKPCWNWAP9M&sid=bad31d1cf71f9466f030b12a9b67fde7&aid=2375516&ucfs=1&arphpl=1&checkin=2025-04-10&checkout=2025-04-11&dest_id=-2091670&dest_type=city&group_adults=2&req_adults=2&no_rooms=1&group_children=0&req_children=0&hpos=12&hapos=12&sr_order=popularity&srpvid=e19b558a909f09dd&srepoch=1744114199&all_sr_blocks=502682405_410205473_2_2_0_879670&highlighted_blocks=502682405_410205473_2_2_0_879670&matching_block_id=502682405_410205473_2_2_0_879670&sr_pri_blocks=502682405_410205473_2_2_0_879670_205897&from=searchresults#hotelTmpl
Giovanni Suites,Bhopal,"3,105",Good ,7.8,168 reviews,https://www.booking.com/hotel/in/giovanni-suits.en-gb.html?label=01GJFNK1PCSM64316DS43XCZ31_01JRAMTJRYBQWGFXKPCWNWAP9M&sid=bad31d1cf71f9466f030b12a9b67fde7&aid=2375516&ucfs=1&arphpl=1&checkin=2025-04-10&checkout=2025-04-11&dest_id=-2091670&dest_type=city&group_adults=2&req_adults=2&no_rooms=1&group_children=0&req_children=0&hpos=13&hapos=13&sr_order=popularity&srpvid=e19b558a909f09dd&srepoch=1744114199&all_sr_blocks=306826710_179863610_2_42_0&highlighted_blocks=306826710_179863610_2_42_0&matching_block_id=306826710_179863610_2_42_0&sr_pri_blocks=306826710_179863610_2_42_0__310500&from=searchresults#hotelTmpl
FabHotel Silver Inn I,Bhopal,979,Very good ,8.3,27 reviews,https://www.booking.com/hotel/in/silver-inn-bhopal.en-gb.html?label=01GJFNK1PCSM64316DS43XCZ31_01JRAMTJRYBQWGFXKPCWNWAP9M&sid=bad31d1cf71f9466f030b12a9b67fde7&aid=2375516&ucfs=1&arphpl=1&checkin=2025-04-10&checkout=2025-04-11&dest_id=-2091670&dest_type=city&group_adults=2&req_adults=2&no_rooms=1&group_children=0&req_children=0&hpos=14&hapos=14&sr_order=popularity&srpvid=e19b558a909f09dd&srepoch=1744114199&all_sr_blocks=421273008_410205531_2_2_0_880079&highlighted_blocks=421273008_410205531_2_2_0_880079&matching_block_id=421273008_410205531_2_2_0_880079&sr_pri_blocks=421273008_410205531_2_2_0_880079_97906&from=searchresults#hotelTmpl
FabHotel Prime President- Near to Bhopal Airport,Bhopal,"1,553",Superb ,9.2,853 reviews,https://www.booking.com/hotel/in/president-bhopal.en-gb.html?label=01GJFNK1PCSM64316DS43XCZ31_01JRAMTJRYBQWGFXKPCWNWAP9M&sid=bad31d1cf71f9466f030b12a9b67fde7&aid=2375516&ucfs=1&arphpl=1&checkin=2025-04-10&checkout=2025-04-11&dest_id=-2091670&dest_type=city&group_adults=2&req_adults=2&no_rooms=1&group_children=0&req_children=0&hpos=15&hapos=15&sr_order=popularity&srpvid=e19b558a909f09dd&srepoch=1744114199&all_sr_blocks=200660606_410205652_2_2_0_877270&highlighted_blocks=200660606_410205652_2_2_0_877270&matching_block_id=200660606_410205652_2_2_0_877270&sr_pri_blocks=200660606_410205652_2_2_0_877270_155282&from=searchresults#hotelTmpl
Collection O Udit Plaza,Bhopal,696,Review score ,5.2,23 reviews,https://www.booking.com/hotel/in/capital-o-82719-udit-plaza.en-gb.html?label=01GJFNK1PCSM64316DS43XCZ31_01JRAMTJRYBQWGFXKPCWNWAP9M&sid=bad31d1cf71f9466f030b12a9b67fde7&aid=2375516&ucfs=1&arphpl=1&checkin=2025-04-10&checkout=2025-04-11&dest_id=-2091670&dest_type=city&group_adults=2&req_adults=2&no_rooms=1&group_children=0&req_children=0&hpos=16&hapos=16&sr_order=popularity&srpvid=e19b558a909f09dd&srepoch=1744114199&all_sr_blocks=771549002_335033514_2_0_0&highlighted_blocks=771549002_335033514_2_0_0&matching_block_id=771549002_335033514_2_0_0&sr_pri_blocks=771549002_335033514_2_0_0__69578&from=searchresults#hotelTmpl
FabHotel Kamla Regency,Bhopal,"1,481",Superb ,9.0,19 reviews,https://www.booking.com/hotel/in/kamla-regency.en-gb.html?label=01GJFNK1PCSM64316DS43XCZ31_01JRAMTJRYBQWGFXKPCWNWAP9M&sid=bad31d1cf71f9466f030b12a9b67fde7&aid=2375516&ucfs=1&arphpl=1&checkin=2025-04-10&checkout=2025-04-11&dest_id=-2091670&dest_type=city&group_adults=2&req_adults=2&no_rooms=1&group_children=0&req_children=0&hpos=17&hapos=17&sr_order=popularity&srpvid=e19b558a909f09dd&srepoch=1744114199&all_sr_blocks=193546509_410205664_2_0_0&highlighted_blocks=193546509_410205664_2_0_0&matching_block_id=193546509_410205664_2_0_0&sr_pri_blocks=193546509_410205664_2_0_0__148122&from=searchresults#hotelTmpl
Hotel O Mansa,Bhopal,971,Good ,7.0,1 review,https://www.booking.com/hotel/in/oyo-80294-new-mansa.en-gb.html?label=01GJFNK1PCSM64316DS43XCZ31_01JRAMTJRYBQWGFXKPCWNWAP9M&sid=bad31d1cf71f9466f030b12a9b67fde7&aid=2375516&ucfs=1&arphpl=1&checkin=2025-04-10&checkout=2025-04-11&dest_id=-2091670&dest_type=city&group_adults=2&req_adults=2&no_rooms=1&group_children=0&req_children=0&hpos=18&hapos=18&sr_order=popularity&srpvid=e19b558a909f09dd&srepoch=1744114199&all_sr_blocks=724009302_310063452_2_0_0&highlighted_blocks=724009302_310063452_2_0_0&matching_block_id=724009302_310063452_2_0_0&sr_pri_blocks=724009302_310063452_2_0_0__97115&from=searchresults#hotelTmpl
FabHotel Oasis Yellow Courtyard,Bhopal,"1,305",Very good ,8.0,764 reviews,https://www.booking.com/hotel/in/townhouse-713-oasis-yellow-courtyard.en-gb.html?label=01GJFNK1PCSM64316DS43XCZ31_01JRAMTJRYBQWGFXKPCWNWAP9M&sid=bad31d1cf71f9466f030b12a9b67fde7&aid=2375516&ucfs=1&arphpl=1&checkin=2025-04-10&checkout=2025-04-11&dest_id=-2091670&dest_type=city&group_adults=2&req_adults=2&no_rooms=1&group_children=0&req_children=0&hpos=19&hapos=19&sr_order=popularity&srpvid=e19b558a909f09dd&srepoch=1744114199&all_sr_blocks=798907904_410205186_2_2_0_879725&highlighted_blocks=798907904_410205186_2_2_0_879725&matching_block_id=798907904_410205186_2_2_0_879725&sr_pri_blocks=798907904_410205186_2_2_0_879725_130478&from=searchresults#hotelTmpl
Golden Tulip Bhopal,Bhopal,"4,675",Fabulous ,8.8,90 reviews,https://www.booking.com/hotel/in/golden-tulip-bhopal.en-gb.html?label=01GJFNK1PCSM64316DS43XCZ31_01JRAMTJRYBQWGFXKPCWNWAP9M&sid=bad31d1cf71f9466f030b12a9b67fde7&aid=2375516&ucfs=1&arphpl=1&checkin=2025-04-10&checkout=2025-04-11&dest_id=-2091670&dest_type=city&group_adults=2&req_adults=2&no_rooms=1&group_children=0&req_children=0&hpos=20&hapos=20&sr_order=popularity&srpvid=e19b558a909f09dd&srepoch=1744114199&all_sr_blocks=1064155110_378774573_2_2_0&highlighted_blocks=1064155110_378774573_2_2_0&matching_block_id=1064155110_378774573_2_2_0&sr_pri_blocks=1064155110_378774573_2_2_0__467500&from=searchresults#hotelTmpl
Capital O Silkroute Palaace,Bhopal,802,Review score ,3.5,30 reviews,https://www.booking.com/hotel/in/capital-o-89946-silkroute-palaace.en-gb.html?label=01GJFNK1PCSM64316DS43XCZ31_01JRAMTJRYBQWGFXKPCWNWAP9M&sid=bad31d1cf71f9466f030b12a9b67fde7&aid=2375516&ucfs=1&arphpl=1&checkin=2025-04-10&checkout=2025-04-11&dest_id=-2091670&dest_type=city&group_adults=2&req_adults=2&no_rooms=1&group_children=0&req_children=0&hpos=21&hapos=21&sr_order=popularity&srpvid=e19b558a909f09dd&srepoch=1744114199&all_sr_blocks=860053702_374063496_2_42_0&highlighted_blocks=860053702_374063496_2_42_0&matching_block_id=860053702_374063496_2_42_0&sr_pri_blocks=860053702_374063496_2_42_0__80234&from=searchresults#hotelTmpl
Hotel Sambodhi Palace,Bhopal,677,Review score ,2.0,9 reviews,https://www.booking.com/hotel/in/sambodhi-stay.en-gb.html?label=01GJFNK1PCSM64316DS43XCZ31_01JRAMTJRYBQWGFXKPCWNWAP9M&sid=bad31d1cf71f9466f030b12a9b67fde7&aid=2375516&ucfs=1&arphpl=1&checkin=2025-04-10&checkout=2025-04-11&dest_id=-2091670&dest_type=city&group_adults=2&req_adults=2&no_rooms=1&group_children=0&req_children=0&hpos=22&hapos=22&sr_order=popularity&srpvid=e19b558a909f09dd&srepoch=1744114199&all_sr_blocks=1025197902_393097720_2_2_0&highlighted_blocks=1025197902_393097720_2_2_0&matching_block_id=1025197902_393097720_2_2_0&sr_pri_blocks=1025197902_393097720_2_2_0__67666&from=searchresults#hotelTmpl
Effotel By Sayaji Bhopal,Bhopal,"4,550",Good ,7.0,17 reviews,https://www.booking.com/hotel/in/effotel-by-sayaji-bhopal.en-gb.html?label=01GJFNK1PCSM64316DS43XCZ31_01JRAMTJRYBQWGFXKPCWNWAP9M&sid=bad31d1cf71f9466f030b12a9b67fde7&aid=2375516&ucfs=1&arphpl=1&checkin=2025-04-10&checkout=2025-04-11&dest_id=-2091670&dest_type=city&group_adults=2&req_adults=2&no_rooms=1&group_children=0&req_children=0&hpos=23&hapos=23&sr_order=popularity&srpvid=e19b558a909f09dd&srepoch=1744114199&all_sr_blocks=981392305_370412517_2_42_0&highlighted_blocks=981392305_370412517_2_42_0&matching_block_id=981392305_370412517_2_42_0&sr_pri_blocks=981392305_370412517_2_42_0__455000&from=searchresults#hotelTmpl
Hotel Thakur Shri,Bhopal,799,Review score ,5.5,107 reviews,https://www.booking.com/hotel/in/thakur-shri.en-gb.html?label=01GJFNK1PCSM64316DS43XCZ31_01JRAMTJRYBQWGFXKPCWNWAP9M&sid=bad31d1cf71f9466f030b12a9b67fde7&aid=2375516&ucfs=1&arphpl=1&checkin=2025-04-10&checkout=2025-04-11&dest_id=-2091670&dest_type=city&group_adults=2&req_adults=2&no_rooms=1&group_children=0&req_children=0&hpos=24&hapos=24&sr_order=popularity&srpvid=e19b558a909f09dd&srepoch=1744114199&all_sr_blocks=781985402_337654587_2_0_0&highlighted_blocks=781985402_337654587_2_0_0&matching_block_id=781985402_337654587_2_0_0&sr_pri_blocks=781985402_337654587_2_0_0__79900&from=searchresults#hotelTmpl
The Whispering Palms Resort,Bhopal,"3,420",Review score ,6.8,38 reviews,https://www.booking.com/hotel/in/the-whispering-palms-resort.en-gb.html?label=01GJFNK1PCSM64316DS43XCZ31_01JRAMTJRYBQWGFXKPCWNWAP9M&sid=bad31d1cf71f9466f030b12a9b67fde7&aid=2375516&ucfs=1&arphpl=1&checkin=2025-04-10&checkout=2025-04-11&dest_id=-2091670&dest_type=city&group_adults=2&req_adults=2&no_rooms=1&group_children=0&req_children=0&hpos=25&hapos=25&sr_order=popularity&srpvid=e19b558a909f09dd&srepoch=1744114199&all_sr_blocks=1098447701_382712690_0_41_0&highlighted_blocks=1098447701_382712690_0_41_0&matching_block_id=1098447701_382712690_0_41_0&sr_pri_blocks=1098447701_382712690_0_41_0__342000&from=searchresults#hotelTmpl
FabHotel Bliss Residency,Bhopal,"1,373",Good ,7.7,13 reviews,https://www.booking.com/hotel/in/fabhotel-bliss-residency.en-gb.html?label=en-in-booking-desktop-SoQWfYhAMBURf0HSQntj1AS652796016141%3Apl%3Ata%3Ap1%3Ap2%3Aac%3Aap%3Aneg%3Afi%3Atikwd-334108349%3Alp9303999%3Ali%3Adec%3Adm&aid=2311236&ucfs=1&arphpl=1&checkin=2025-04-10&checkout=2025-04-11&dest_id=-2091670&dest_type=city&group_adults=2&req_adults=2&no_rooms=1&group_children=0&req_children=0&hpos=1&hapos=1&sr_order=popularity&srpvid=2bf1806267910194&srepoch=1744136133&all_sr_blocks=1311800301_410204431_2_0_0_880864&highlighted_blocks=1311800301_410204431_2_0_0_880864&matching_block_id=1311800301_410204431_2_0_0_880864&sr_pri_blocks=1311800301_410204431_2_0_0_880864_137342&from=searchresults
Radisson Bhopal,Bhopal,"5,599",Superb ,9.0,827 reviews,https://www.booking.com/hotel/in/radisson-bhopal.en-gb.html?label=en-in-booking-desktop-SoQWfYhAMBURf0HSQntj1AS652796016141%3Apl%3Ata%3Ap1%3Ap2%3Aac%3Aap%3Aneg%3Afi%3Atikwd-334108349%3Alp9303999%3Ali%3Adec%3Adm&aid=2311236&ucfs=1&arphpl=1&checkin=2025-04-10&checkout=2025-04-11&dest_id=-2091670&dest_type=city&group_adults=2&req_adults=2&no_rooms=1&group_children=0&req_children=0&hpos=2&hapos=2&sr_order=popularity&srpvid=2bf1806267910194&srepoch=1744136133&all_sr_blocks=769867401_334773067_2_42_0_25420&highlighted_blocks=769867401_334773067_2_42_0_25420&matching_block_id=769867401_334773067_2_42_0_25420&sr_pri_blocks=769867401_334773067_2_42_0_25420_559900&from=searchresults
Taj Lakefront Bhopal,Bhopal,"9,799",Fabulous ,8.9,685 reviews,https://www.booking.com/hotel/in/taj-lakefront-bhopal.en-gb.html?label=en-in-booking-desktop-SoQWfYhAMBURf0HSQntj1AS652796016141%3Apl%3Ata%3Ap1%3Ap2%3Aac%3Aap%3Aneg%3Afi%3Atikwd-334108349%3Alp9303999%3Ali%3Adec%3Adm&aid=2311236&ucfs=1&arphpl=1&checkin=2025-04-10&checkout=2025-04-11&dest_id=-2091670&dest_type=city&group_adults=2&req_adults=2&no_rooms=1&group_children=0&req_children=0&hpos=3&hapos=3&sr_order=popularity&srpvid=2bf1806267910194&srepoch=1744136133&all_sr_blocks=776943001_336007236_2_41_0&highlighted_blocks=776943001_336007236_2_41_0&matching_block_id=776943001_336007236_2_41_0&sr_pri_blocks=776943001_336007236_2_41_0__979900&from_sustainable_property_sr=1&from=searchresults
Divine Hotel & Banquet Hall,Bhopal,"2,750",NaN,NaN,NaN,https://www.booking.com/hotel/in/divine-amp-banquet-hall.en-gb.html?label=en-in-booking-desktop-SoQWfYhAMBURf0HSQntj1AS652796016141%3Apl%3Ata%3Ap1%3Ap2%3Aac%3Aap%3Aneg%3Afi%3Atikwd-334108349%3Alp9303999%3Ali%3Adec%3Adm&aid=2311236&ucfs=1&arphpl=1&checkin=2025-04-10&checkout=2025-04-11&dest_id=-2091670&dest_type=city&group_adults=2&req_adults=2&no_rooms=1&group_children=0&req_children=0&hpos=4&hapos=4&sr_order=popularity&srpvid=2bf1806267910194&srepoch=1744136133&all_sr_blocks=1116419901_384533713_0_2_0&highlighted_blocks=1116419901_384533713_0_2_0&matching_block_id=1116419901_384533713_0_2_0&sr_pri_blocks=1116419901_384533713_0_2_0__275000&from=searchresults
Golden Tulip Bhopal,Bhopal,"4,675",Fabulous ,8.8,90 reviews,https://www.booking.com/hotel/in/golden-tulip-bhopal.en-gb.html?label=en-in-booking-desktop-SoQWfYhAMBURf0HSQntj1AS652796016141%3Apl%3Ata%3Ap1%3Ap2%3Aac%3Aap%3Aneg%3Afi%3Atikwd-334108349%3Alp9303999%3Ali%3Adec%3Adm&aid=2311236&ucfs=1&arphpl=1&checkin=2025-04-10&checkout=2025-04-11&dest_id=-2091670&dest_type=city&group_adults=2&req_adults=2&no_rooms=1&group_children=0&req_children=0&hpos=5&hapos=5&sr_order=popularity&srpvid=2bf1806267910194&srepoch=1744136133&all_sr_blocks=1064155110_378774573_2_2_0&highlighted_blocks=1064155110_378774573_2_2_0&matching_block_id=1064155110_378774573_2_2_0&sr_pri_blocks=1064155110_378774573_2_2_0__467500&from=searchresults
Hotel Gaur Heritage Inn,Bhopal,"1,425",NaN,NaN,NaN,https://www.booking.com/hotel/in/gaur-heritage-inn.en-gb.html?label=en-in-booking-desktop-SoQWfYhAMBURf0HSQntj1AS652796016141%3Apl%3Ata%3Ap1%3Ap2%3Aac%3Aap%3Aneg%3Afi%3Atikwd-334108349%3Alp9303999%3Ali%3Adec%3Adm&aid=2311236&ucfs=1&arphpl=1&checkin=2025-04-10&checkout=2025-04-11&dest_id=-2091670&dest_type=city&group_adults=2&req_adults=2&no_rooms=1&group_children=0&req_children=0&hpos=6&hapos=6&sr_order=popularity&srpvid=2bf1806267910194&srepoch=1744136133&all_sr_blocks=1389851904_410969580_2_0_0_872627&highlighted_blocks=1389851904_410969580_2_0_0_872627&matching_block_id=1389851904_410969580_2_0_0_872627&sr_pri_blocks=1389851904_410969580_2_0_0_872627_142500&from=searchresults
FabHotel Oasis Yellow Courtyard,Bhopal,"1,305",Very good ,8.0,764 reviews,https://www.booking.com/hotel/in/townhouse-713-oasis-yellow-courtyard.en-gb.html?label=en-in-booking-desktop-SoQWfYhAMBURf0HSQntj1AS652796016141%3Apl%3Ata%3Ap1%3Ap2%3Aac%3Aap%3Aneg%3Afi%3Atikwd-334108349%3Alp9303999%3Ali%3Adec%3Adm&aid=2311236&ucfs=1&arphpl=1&checkin=2025-04-10&checkout=2025-04-11&dest_id=-2091670&dest_type=city&group_adults=2&req_adults=2&no_rooms=1&group_children=0&req_children=0&hpos=7&hapos=7&sr_order=popularity&srpvid=2bf1806267910194&srepoch=1744136133&all_sr_blocks=798907904_410205186_2_2_0_879725&highlighted_blocks=798907904_410205186_2_2_0_879725&matching_block_id=798907904_410205186_2_2_0_879725&sr_pri_blocks=798907904_410205186_2_2_0_879725_130478&from=searchresults
Sapphire Blue,Bhopal,"4,100",Very good ,8.0,15 reviews,https://www.booking.com/hotel/in/sapphire-blue.en-gb.html?label=en-in-booking-desktop-SoQWfYhAMBURf0HSQntj1AS652796016141%3Apl%3Ata%3Ap1%3Ap2%3Aac%3Aap%3Aneg%3Afi%3Atikwd-334108349%3Alp9303999%3Ali%3Adec%3Adm&aid=2311236&ucfs=1&arphpl=1&checkin=2025-04-10&checkout=2025-04-11&dest_id=-2091670&dest_type=city&group_adults=2&req_adults=2&no_rooms=1&group_children=0&req_children=0&hpos=8&hapos=8&sr_order=popularity&srpvid=2bf1806267910194&srepoch=1744136133&all_sr_blocks=1266892001_408452317_2_2_0&highlighted_blocks=1266892001_408452317_2_2_0&matching_block_id=1266892001_408452317_2_2_0&sr_pri_blocks=1266892001_408452317_2_2_0__410000&from=searchresults
Lemon Tree Hotel Bhopal,Bhopal,"5,600",Review score ,6.9,95 reviews,https://www.booking.com/hotel/in/surendra-vilas-bhopal.en-gb.html?label=en-in-booking-desktop-SoQWfYhAMBURf0HSQntj1AS652796016141%3Apl%3Ata%3Ap1%3Ap2%3Aac%3Aap%3Aneg%3Afi%3Atikwd-334108349%3Alp9303999%3Ali%3Adec%3Adm&aid=2311236&ucfs=1&arphpl=1&checkin=2025-04-10&checkout=2025-04-11&dest_id=-2091670&dest_type=city&group_adults=2&req_adults=2&no_rooms=1&group_children=0&req_children=0&hpos=9&hapos=9&sr_order=popularity&srpvid=2bf1806267910194&srepoch=1744136133&all_sr_blocks=547621708_380590708_2_42_0&highlighted_blocks=547621708_380590708_2_42_0&matching_block_id=547621708_380590708_2_42_0&sr_pri_blocks=547621708_380590708_2_42_0__560000&from=searchresults
Enrise by Sayaji Bhopal,Bhopal,"4,000",Review score ,6.2,30 reviews,https://www.booking.com/hotel/in/sayaji-bhopal.en-gb.html?label=en-in-booking-desktop-SoQWfYhAMBURf0HSQntj1AS652796016141%3Apl%3Ata%3Ap1%3Ap2%3Aac%3Aap%3Aneg%3Afi%3Atikwd-334108349%3Alp9303999%3Ali%3Adec%3Adm&aid=2311236&ucfs=1&arphpl=1&checkin=2025-04-10&checkout=2025-04-11&dest_id=-2091670&dest_type=city&group_adults=2&req_adults=2&no_rooms=1&group_children=0&req_children=0&hpos=10&hapos=10&sr_order=popularity&srpvid=2bf1806267910194&srepoch=1744136133&all_sr_blocks=181611002_365076867_0_2_0&highlighted_blocks=181611002_365076867_0_2_0&matching_block_id=181611002_365076867_0_2_0&sr_pri_blocks=181611002_365076867_0_2_0__400000&from=searchresults
Super Townhouse Lalghati Near Airport,Bhopal,"1,131",Review score ,4.9,24 reviews,https://www.booking.com/hotel/in/nirmal-residency-bhopal.en-gb.html?label=en-in-booking-desktop-SoQWfYhAMBURf0HSQntj1AS652796016141%3Apl%3Ata%3Ap1%3Ap2%3Aac%3Aap%3Aneg%3Afi%3Atikwd-334108349%3Alp9303999%3Ali%3Adec%3Adm&aid=2311236&ucfs=1&arphpl=1&checkin=2025-04-10&checkout=2025-04-11&dest_id=-2091670&dest_type=city&group_adults=2&req_adults=2&no_rooms=1&group_children=0&req_children=0&hpos=11&hapos=11&sr_order=popularity&srpvid=2bf1806267910194&srepoch=1744136133&all_sr_blocks=1129555508_395604406_2_2_0&highlighted_blocks=1129555508_395604406_2_2_0&matching_block_id=1129555508_395604406_2_2_0&sr_pri_blocks=1129555508_395604406_2_2_0__113111&from=searchresults
FabHotel Prime Oasis Orange,Bhopal,"1,647",Good ,7.8,118 reviews,https://www.booking.com/hotel/in/fabhotel-prime-oasis-orange.en-gb.html?label=en-in-booking-desktop-SoQWfYhAMBURf0HSQntj1AS652796016141%3Apl%3Ata%3Ap1%3Ap2%3Aac%3Aap%3Aneg%3Afi%3Atikwd-334108349%3Alp9303999%3Ali%3Adec%3Adm&aid=2311236&ucfs=1&arphpl=1&checkin=2025-04-10&checkout=2025-04-11&dest_id=-2091670&dest_type=city&group_adults=2&req_adults=2&no_rooms=1&group_children=0&req_children=0&hpos=12&hapos=12&sr_order=popularity&srpvid=2bf1806267910194&srepoch=1744136133&all_sr_blocks=1146445701_410204654_2_0_0_880676&highlighted_blocks=1146445701_410204654_2_0_0_880676&matching_block_id=1146445701_410204654_2_0_0_880676&sr_pri_blocks=1146445701_410204654_2_0_0_880676_164689&from=searchresults
Effotel By Sayaji Bhopal,Bhopal,"4,550",Good ,7.0,17 reviews,https://www.booking.com/hotel/in/effotel-by-sayaji-bhopal.en-gb.html?label=en-in-booking-desktop-SoQWfYhAMBURf0HSQntj1AS652796016141%3Apl%3Ata%3Ap1%3Ap2%3Aac%3Aap%3Aneg%3Afi%3Atikwd-334108349%3Alp9303999%3Ali%3Adec%3Adm&aid=2311236&ucfs=1&arphpl=1&checkin=2025-04-10&checkout=2025-04-11&dest_id=-2091670&dest_type=city&group_adults=2&req_adults=2&no_rooms=1&group_children=0&req_children=0&hpos=13&hapos=13&sr_order=popularity&srpvid=2bf1806267910194&srepoch=1744136133&all_sr_blocks=981392305_370412517_2_42_0&highlighted_blocks=981392305_370412517_2_42_0&matching_block_id=981392305_370412517_2_42_0&sr_pri_blocks=981392305_370412517_2_42_0__455000&from=searchresults
Hotel O MANGLAM PALACE,Bhopal,545,Review score ,1.7,11 reviews,https://www.booking.com/hotel/in/oyo-78787-manglam-palace.en-gb.html?label=en-in-booking-desktop-SoQWfYhAMBURf0HSQntj1AS652796016141%3Apl%3Ata%3Ap1%3Ap2%3Aac%3Aap%3Aneg%3Afi%3Atikwd-334108349%3Alp9303999%3Ali%3Adec%3Adm&aid=2311236&ucfs=1&arphpl=1&checkin=2025-04-10&checkout=2025-04-11&dest_id=-2091670&dest_type=city&group_adults=2&req_adults=2&no_rooms=1&group_children=0&req_children=0&hpos=14&hapos=14&sr_order=popularity&srpvid=2bf1806267910194&srepoch=1744136133&all_sr_blocks=712981802_377524454_2_2_0&highlighted_blocks=712981802_377524454_2_2_0&matching_block_id=712981802_377524454_2_2_0&sr_pri_blocks=712981802_377524454_2_2_0__54526&from=searchresults
"Hotel LA PEARL, Bhopal",Bhopal,"2,834",Exceptional ,9.5,2 reviews,https://www.booking.com/hotel/in/la-pearl-bhopal.en-gb.html?label=en-in-booking-desktop-SoQWfYhAMBURf0HSQntj1AS652796016141%3Apl%3Ata%3Ap1%3Ap2%3Aac%3Aap%3Aneg%3Afi%3Atikwd-334108349%3Alp9303999%3Ali%3Adec%3Adm&aid=2311236&ucfs=1&arphpl=1&checkin=2025-04-10&checkout=2025-04-11&dest_id=-2091670&dest_type=city&group_adults=2&req_adults=2&no_rooms=1&group_children=0&req_children=0&hpos=15&hapos=15&sr_order=popularity&srpvid=2bf1806267910194&srepoch=1744136133&all_sr_blocks=1202778201_392531147_2_0_0&highlighted_blocks=1202778201_392531147_2_0_0&matching_block_id=1202778201_392531147_2_0_0&sr_pri_blocks=1202778201_392531147_2_0_0__283437&from=searchresults
FabHotel Casa D-vine,Bhopal,"1,460",NaN,NaN,NaN,https://www.booking.com/hotel/in/fabhotel-seint-stay.en-gb.html?label=en-in-booking-desktop-SoQWfYhAMBURf0HSQntj1AS652796016141%3Apl%3Ata%3Ap1%3Ap2%3Aac%3Aap%3Aneg%3Afi%3Atikwd-334108349%3Alp9303999%3Ali%3Adec%3Adm&aid=2311236&ucfs=1&arphpl=1&checkin=2025-04-10&checkout=2025-04-11&dest_id=-2091670&dest_type=city&group_adults=2&req_adults=2&no_rooms=1&group_children=0&req_children=0&hpos=16&hapos=16&sr_order=popularity&srpvid=2bf1806267910194&srepoch=1744136133&all_sr_blocks=1388976401_410892672_2_0_0&highlighted_blocks=1388976401_410892672_2_0_0&matching_block_id=1388976401_410892672_2_0_0&sr_pri_blocks=1388976401_410892672_2_0_0__146000&from=searchresults
FabHotel Prime Oasis Blue,Bhopal,"1,994",Very good ,8.2,716 reviews,https://www.booking.com/hotel/in/capital-o-29355-oasis-blue-bhopal123456789101112.en-gb.html?label=en-in-booking-desktop-SoQWfYhAMBURf0HSQntj1AS652796016141%3Apl%3Ata%3Ap1%3Ap2%3Aac%3Aap%3Aneg%3Afi%3Atikwd-334108349%3Alp9303999%3Ali%3Adec%3Adm&aid=2311236&ucfs=1&arphpl=1&checkin=2025-04-10&checkout=2025-04-11&dest_id=-2091670&dest_type=city&group_adults=2&req_adults=2&no_rooms=1&group_children=0&req_children=0&hpos=17&hapos=17&sr_order=popularity&srpvid=2bf1806267910194&srepoch=1744136133&all_sr_blocks=502682405_410205473_2_2_0_879670&highlighted_blocks=502682405_410205473_2_2_0_879670&matching_block_id=502682405_410205473_2_2_0_879670&sr_pri_blocks=502682405_410205473_2_2_0_879670_199438&from=searchresults
FabHotel CSFC Near Bhopal Railway Station,Bhopal,"1,032",Good ,7.6,441 reviews,https://www.booking.com/hotel/in/oyo-11546-csfc.en-gb.html?label=en-in-booking-desktop-SoQWfYhAMBURf0HSQntj1AS652796016141%3Apl%3Ata%3Ap1%3Ap2%3Aac%3Aap%3Aneg%3Afi%3Atikwd-334108349%3Alp9303999%3Ali%3Adec%3Adm&aid=2311236&ucfs=1&arphpl=1&checkin=2025-04-10&checkout=2025-04-11&dest_id=-2091670&dest_type=city&group_adults=2&req_adults=2&no_rooms=1&group_children=0&req_children=0&hpos=18&hapos=18&sr_order=popularity&srpvid=2bf1806267910194&srepoch=1744136133&all_sr_blocks=320758403_410205570_2_2_0_879676&highlighted_blocks=320758403_410205570_2_2_0_879676&matching_block_id=320758403_410205570_2_2_0_879676&sr_pri_blocks=320758403_410205570_2_2_0_879676_103194&from=searchresults
Regenta Place Bhopal by Royal Orchid Hotels Limited,Bhopal,"4,051",Very good ,8.1,39 reviews,https://www.booking.com/hotel/in/regenta-place-bhopal-by-royal-orchid-hotels-limited.en-gb.html?label=en-in-booking-desktop-SoQWfYhAMBURf0HSQntj1AS652796016141%3Apl%3Ata%3Ap1%3Ap2%3Aac%3Aap%3Aneg%3Afi%3Atikwd-334108349%3Alp9303999%3Ali%3Adec%3Adm&aid=2311236&ucfs=1&arphpl=1&checkin=2025-04-10&checkout=2025-04-11&dest_id=-2091670&dest_type=city&group_adults=2&req_adults=2&no_rooms=1&group_children=0&req_children=0&hpos=19&hapos=19&sr_order=popularity&srpvid=2bf1806267910194&srepoch=1744136133&all_sr_blocks=965995701_369091317_2_42_0&highlighted_blocks=965995701_369091317_2_42_0&matching_block_id=965995701_369091317_2_42_0&sr_pri_blocks=965995701_369091317_2_42_0__405090&from=searchresults
"Hotel Eleven Heights ,Bhopal",Bhopal,"1,349",Very good ,8.2,24 reviews,https://www.booking.com/hotel/in/cherrystay-11-heights.en-gb.html?label=en-in-booking-desktop-SoQWfYhAMBURf0HSQntj1AS652796016141%3Apl%3Ata%3Ap1%3Ap2%3Aac%3Aap%3Aneg%3Afi%3Atikwd-334108349%3Alp9303999%3Ali%3Adec%3Adm&aid=2311236&ucfs=1&arphpl=1&checkin=2025-04-10&checkout=2025-04-11&dest_id=-2091670&dest_type=city&group_adults=2&req_adults=2&no_rooms=1&group_children=0&req_children=0&hpos=20&hapos=20&sr_order=popularity&srpvid=2bf1806267910194&srepoch=1744136133&all_sr_blocks=831944501_406559309_2_2_0&highlighted_blocks=831944501_406559309_2_2_0&matching_block_id=831944501_406559309_2_2_0&sr_pri_blocks=831944501_406559309_2_2_0__134865&from=searchresults
FabHotel Shree Regency,Bhopal,902,Good ,7.2,492 reviews,https://www.booking.com/hotel/in/oyo-27611-shree-regency-bhopal12345678.en-gb.html?label=en-in-booking-desktop-SoQWfYhAMBURf0HSQntj1AS652796016141%3Apl%3Ata%3Ap1%3Ap2%3Aac%3Aap%3Aneg%3Afi%3Atikwd-334108349%3Alp9303999%3Ali%3Adec%3Adm&aid=2311236&ucfs=1&arphpl=1&checkin=2025-04-10&checkout=2025-04-11&dest_id=-2091670&dest_type=city&group_adults=2&req_adults=2&no_rooms=1&group_children=0&req_children=0&hpos=21&hapos=21&sr_order=popularity&srpvid=2bf1806267910194&srepoch=1744136133&all_sr_blocks=452181404_410205507_2_2_0_879683&highlighted_blocks=452181404_410205507_2_2_0_879683&matching_block_id=452181404_410205507_2_2_0_879683&sr_pri_blocks=452181404_410205507_2_2_0_879683_90207&from=searchresults
Giovanni Suites,Bhopal,"3,105",Good ,7.8,168 reviews,https://www.booking.com/hotel/in/giovanni-suits.en-gb.html?label=en-in-booking-desktop-SoQWfYhAMBURf0HSQntj1AS652796016141%3Apl%3Ata%3Ap1%3Ap2%3Aac%3Aap%3Aneg%3Afi%3Atikwd-334108349%3Alp9303999%3Ali%3Adec%3Adm&aid=2311236&ucfs=1&arphpl=1&checkin=2025-04-10&checkout=2025-04-11&dest_id=-2091670&dest_type=city&group_adults=2&req_adults=2&no_rooms=1&group_children=0&req_children=0&hpos=22&hapos=22&sr_order=popularity&srpvid=2bf1806267910194&srepoch=1744136133&all_sr_blocks=306826710_179863610_2_42_0&highlighted_blocks=306826710_179863610_2_42_0&matching_block_id=306826710_179863610_2_42_0&sr_pri_blocks=306826710_179863610_2_42_0__310500&from=searchresults
HOTEL JALSA RETREAT,Bhopal,"3,119",Very good ,8.4,14 reviews,https://www.booking.com/hotel/in/jalsa-retreat.en-gb.html?label=en-in-booking-desktop-SoQWfYhAMBURf0HSQntj1AS652796016141%3Apl%3Ata%3Ap1%3Ap2%3Aac%3Aap%3Aneg%3Afi%3Atikwd-334108349%3Alp9303999%3Ali%3Adec%3Adm&aid=2311236&ucfs=1&arphpl=1&checkin=2025-04-10&checkout=2025-04-11&dest_id=-2091670&dest_type=city&group_adults=2&req_adults=2&no_rooms=1&group_children=0&req_children=0&hpos=23&hapos=23&sr_order=popularity&srpvid=2bf1806267910194&srepoch=1744136133&all_sr_blocks=932858201_375551686_2_0_0&highlighted_blocks=932858201_375551686_2_0_0&matching_block_id=932858201_375551686_2_0_0&sr_pri_blocks=932858201_375551686_2_0_0__311920&from=searchresults
Super Collection O MP Nagar,Bhopal,"1,746",Fabulous ,8.7,184 reviews,https://www.booking.com/hotel/in/oyo-24646-gaurav-palace.en-gb.html?label=en-in-booking-desktop-SoQWfYhAMBURf0HSQntj1AS652796016141%3Apl%3Ata%3Ap1%3Ap2%3Aac%3Aap%3Aneg%3Afi%3Atikwd-334108349%3Alp9303999%3Ali%3Adec%3Adm&aid=2311236&ucfs=1&arphpl=1&checkin=2025-04-10&checkout=2025-04-11&dest_id=-2091670&dest_type=city&group_adults=2&req_adults=2&no_rooms=1&group_children=0&req_children=0&hpos=24&hapos=24&sr_order=popularity&srpvid=2bf1806267910194&srepoch=1744136133&all_sr_blocks=1250520801_397854646_2_0_0&highlighted_blocks=1250520801_397854646_2_0_0&matching_block_id=1250520801_397854646_2_0_0&sr_pri_blocks=1250520801_397854646_2_0_0__174584&from=searchresults
FabHotel The Oasis,Bhopal,"1,210",Very good ,8.0,546 reviews,https://www.booking.com/hotel/in/oyo-premium-mp-nagar-zone-ii.en-gb.html?label=en-in-booking-desktop-SoQWfYhAMBURf0HSQntj1AS652796016141%3Apl%3Ata%3Ap1%3Ap2%3Aac%3Aap%3Aneg%3Afi%3Atikwd-334108349%3Alp9303999%3Ali%3Adec%3Adm&aid=2311236&ucfs=1&arphpl=1&checkin=2025-04-10&checkout=2025-04-11&dest_id=-2091670&dest_type=city&group_adults=2&req_adults=2&no_rooms=1&group_children=0&req_children=0&hpos=25&hapos=25&sr_order=popularity&srpvid=2bf1806267910194&srepoch=1744136133&all_sr_blocks=151966905_410205690_2_0_0_880681&highlighted_blocks=151966905_410205690_2_0_0_880681&matching_block_id=151966905_410205690_2_0_0_880681&sr_pri_blocks=151966905_410205690_2_0_0_880681_121025&from=searchresults
FabHotel Prime Oasis Orange,Bhopal,"1,464",Good ,7.8,118 reviews,https://www.booking.com/hotel/in/fabhotel-prime-oasis-orange.en-gb.html?label=en-in-booking-desktop-SoQWfYhAMBURf0HSQntj1AS652796016141%3Apl%3Ata%3Ap1%3Ap2%3Aac%3Aap%3Aneg%3Afi%3Atikwd-334108349%3Alp9303999%3Ali%3Adec%3Adm&aid=2311236&ucfs=1&arphpl=1&checkin=2025-04-12&checkout=2025-04-13&dest_id=-2091670&dest_type=city&group_adults=2&req_adults=2&no_rooms=1&group_children=0&req_children=0&hpos=1&hapos=1&sr_order=popularity&srpvid=8a291795722f02e0&srepoch=1744168876&all_sr_blocks=1146445701_410204654_2_0_0_880676&highlighted_blocks=1146445701_410204654_2_0_0_880676&matching_block_id=1146445701_410204654_2_0_0_880676&sr_pri_blocks=1146445701_410204654_2_0_0_880676_146390&from=searchresults
Golden Tulip Bhopal,Bhopal,"3,995",Fabulous ,8.8,90 reviews,https://www.booking.com/hotel/in/golden-tulip-bhopal.en-gb.html?label=en-in-booking-desktop-SoQWfYhAMBURf0HSQntj1AS652796016141%3Apl%3Ata%3Ap1%3Ap2%3Aac%3Aap%3Aneg%3Afi%3Atikwd-334108349%3Alp9303999%3Ali%3Adec%3Adm&aid=2311236&ucfs=1&arphpl=1&checkin=2025-04-12&checkout=2025-04-13&dest_id=-2091670&dest_type=city&group_adults=2&req_adults=2&no_rooms=1&group_children=0&req_children=0&hpos=2&hapos=2&sr_order=popularity&srpvid=8a291795722f02e0&srepoch=1744168876&all_sr_blocks=1064155110_378774573_2_2_0&highlighted_blocks=1064155110_378774573_2_2_0&matching_block_id=1064155110_378774573_2_2_0&sr_pri_blocks=1064155110_378774573_2_2_0__399500&from=searchresults
Radisson Bhopal,Bhopal,"6,799",Superb ,9.0,827 reviews,https://www.booking.com/hotel/in/radisson-bhopal.en-gb.html?label=en-in-booking-desktop-SoQWfYhAMBURf0HSQntj1AS652796016141%3Apl%3Ata%3Ap1%3Ap2%3Aac%3Aap%3Aneg%3Afi%3Atikwd-334108349%3Alp9303999%3Ali%3Adec%3Adm&aid=2311236&ucfs=1&arphpl=1&checkin=2025-04-12&checkout=2025-04-13&dest_id=-2091670&dest_type=city&group_adults=2&req_adults=2&no_rooms=1&group_children=0&req_children=0&hpos=3&hapos=3&sr_order=popularity&srpvid=8a291795722f02e0&srepoch=1744168876&all_sr_blocks=769867401_334773067_2_42_0_25420&highlighted_blocks=769867401_334773067_2_42_0_25420&matching_block_id=769867401_334773067_2_42_0_25420&sr_pri_blocks=769867401_334773067_2_42_0_25420_679900&from=searchresults
Taj Lakefront Bhopal,Bhopal,"10,799",Fabulous ,8.9,685 reviews,https://www.booking.com/hotel/in/taj-lakefront-bhopal.en-gb.html?label=en-in-booking-desktop-SoQWfYhAMBURf0HSQntj1AS652796016141%3Apl%3Ata%3Ap1%3Ap2%3Aac%3Aap%3Aneg%3Afi%3Atikwd-334108349%3Alp9303999%3Ali%3Adec%3Adm&aid=2311236&ucfs=1&arphpl=1&checkin=2025-04-12&checkout=2025-04-13&dest_id=-2091670&dest_type=city&group_adults=2&req_adults=2&no_rooms=1&group_children=0&req_children=0&hpos=4&hapos=4&sr_order=popularity&srpvid=8a291795722f02e0&srepoch=1744168876&all_sr_blocks=776943002_336007236_2_41_0&highlighted_blocks=776943002_336007236_2_41_0&matching_block_id=776943002_336007236_2_41_0&sr_pri_blocks=776943002_336007236_2_41_0__1079900&from_sustainable_property_sr=1&from=searchresults
Lemon Tree Hotel Bhopal,Bhopal,"4,500",Review score ,6.9,95 reviews,https://www.booking.com/hotel/in/surendra-vilas-bhopal.en-gb.html?label=en-in-booking-desktop-SoQWfYhAMBURf0HSQntj1AS652796016141%3Apl%3Ata%3Ap1%3Ap2%3Aac%3Aap%3Aneg%3Afi%3Atikwd-334108349%3Alp9303999%3Ali%3Adec%3Adm&aid=2311236&ucfs=1&arphpl=1&checkin=2025-04-12&checkout=2025-04-13&dest_id=-2091670&dest_type=city&group_adults=2&req_adults=2&no_rooms=1&group_children=0&req_children=0&hpos=5&hapos=5&sr_order=popularity&srpvid=8a291795722f02e0&srepoch=1744168876&all_sr_blocks=547621708_380590708_2_42_0&highlighted_blocks=547621708_380590708_2_42_0&matching_block_id=547621708_380590708_2_42_0&sr_pri_blocks=547621708_380590708_2_42_0__450000&from=searchresults
Hotel Aayansh Palace,Bhopal,"1,853",NaN,NaN,NaN,https://www.booking.com/hotel/in/aayansh-palace-bhopal.en-gb.html?label=en-in-booking-desktop-SoQWfYhAMBURf0HSQntj1AS652796016141%3Apl%3Ata%3Ap1%3Ap2%3Aac%3Aap%3Aneg%3Afi%3Atikwd-334108349%3Alp9303999%3Ali%3Adec%3Adm&aid=2311236&ucfs=1&arphpl=1&checkin=2025-04-12&checkout=2025-04-13&dest_id=-2091670&dest_type=city&group_adults=2&req_adults=2&no_rooms=1&group_children=0&req_children=0&hpos=6&hapos=6&sr_order=popularity&srpvid=8a291795722f02e0&srepoch=1744168876&all_sr_blocks=1392234701_411183698_2_0_0&highlighted_blocks=1392234701_411183698_2_0_0&matching_block_id=1392234701_411183698_2_0_0&sr_pri_blocks=1392234701_411183698_2_0_0__185250&from=searchresults
FabHotel Prime Oasis Blue,Bhopal,"1,773",Very good ,8.2,716 reviews,https://www.booking.com/hotel/in/capital-o-29355-oasis-blue-bhopal123456789101112.en-gb.html?label=en-in-booking-desktop-SoQWfYhAMBURf0HSQntj1AS652796016141%3Apl%3Ata%3Ap1%3Ap2%3Aac%3Aap%3Aneg%3Afi%3Atikwd-334108349%3Alp9303999%3Ali%3Adec%3Adm&aid=2311236&ucfs=1&arphpl=1&checkin=2025-04-12&checkout=2025-04-13&dest_id=-2091670&dest_type=city&group_adults=2&req_adults=2&no_rooms=1&group_children=0&req_children=0&hpos=7&hapos=7&sr_order=popularity&srpvid=8a291795722f02e0&srepoch=1744168876&all_sr_blocks=502682405_410205473_2_2_0_879670&highlighted_blocks=502682405_410205473_2_2_0_879670&matching_block_id=502682405_410205473_2_2_0_879670&sr_pri_blocks=502682405_410205473_2_2_0_879670_177278&from=searchresults
Effotel By Sayaji Bhopal,Bhopal,"4,050",Good ,7.0,17 reviews,https://www.booking.com/hotel/in/effotel-by-sayaji-bhopal.en-gb.html?label=en-in-booking-desktop-SoQWfYhAMBURf0HSQntj1AS652796016141%3Apl%3Ata%3Ap1%3Ap2%3Aac%3Aap%3Aneg%3Afi%3Atikwd-334108349%3Alp9303999%3Ali%3Adec%3Adm&aid=2311236&ucfs=1&arphpl=1&checkin=2025-04-12&checkout=2025-04-13&dest_id=-2091670&dest_type=city&group_adults=2&req_adults=2&no_rooms=1&group_children=0&req_children=0&hpos=8&hapos=8&sr_order=popularity&srpvid=8a291795722f02e0&srepoch=1744168876&all_sr_blocks=981392305_370412517_2_42_0&highlighted_blocks=981392305_370412517_2_42_0&matching_block_id=981392305_370412517_2_42_0&sr_pri_blocks=981392305_370412517_2_42_0__405000&from=searchresults
Super Collection O MP Nagar,Bhopal,"1,404",Fabulous ,8.7,184 reviews,https://www.booking.com/hotel/in/oyo-24646-gaurav-palace.en-gb.html?label=en-in-booking-desktop-SoQWfYhAMBURf0HSQntj1AS652796016141%3Apl%3Ata%3Ap1%3Ap2%3Aac%3Aap%3Aneg%3Afi%3Atikwd-334108349%3Alp9303999%3Ali%3Adec%3Adm&aid=2311236&ucfs=1&arphpl=1&checkin=2025-04-12&checkout=2025-04-13&dest_id=-2091670&dest_type=city&group_adults=2&req_adults=2&no_rooms=1&group_children=0&req_children=0&hpos=9&hapos=9&sr_order=popularity&srpvid=8a291795722f02e0&srepoch=1744168876&all_sr_blocks=1250520801_397854646_2_0_0&highlighted_blocks=1250520801_397854646_2_0_0&matching_block_id=1250520801_397854646_2_0_0&sr_pri_blocks=1250520801_397854646_2_0_0__140433&from=searchresults
Noor-Us-Sabah Palace,Bhopal,"7,500",Review score ,6.6,73 reviews,https://www.booking.com/hotel/in/noor-us-sabah-palace.en-gb.html?label=en-in-booking-desktop-SoQWfYhAMBURf0HSQntj1AS652796016141%3Apl%3Ata%3Ap1%3Ap2%3Aac%3Aap%3Aneg%3Afi%3Atikwd-334108349%3Alp9303999%3Ali%3Adec%3Adm&aid=2311236&ucfs=1&arphpl=1&checkin=2025-04-12&checkout=2025-04-13&dest_id=-2091670&dest_type=city&group_adults=2&req_adults=2&no_rooms=1&group_children=0&req_children=0&hpos=10&hapos=10&sr_order=popularity&srpvid=8a291795722f02e0&srepoch=1744168876&all_sr_blocks=104082901_119974162_2_1_0&highlighted_blocks=104082901_119974162_2_1_0&matching_block_id=104082901_119974162_2_1_0&sr_pri_blocks=104082901_119974162_2_1_0__750000&from=searchresults
FabHotel Oasis Yellow Courtyard,Bhopal,"1,468",Very good ,8.0,764 reviews,https://www.booking.com/hotel/in/townhouse-713-oasis-yellow-courtyard.en-gb.html?label=en-in-booking-desktop-SoQWfYhAMBURf0HSQntj1AS652796016141%3Apl%3Ata%3Ap1%3Ap2%3Aac%3Aap%3Aneg%3Afi%3Atikwd-334108349%3Alp9303999%3Ali%3Adec%3Adm&aid=2311236&ucfs=1&arphpl=1&checkin=2025-04-12&checkout=2025-04-13&dest_id=-2091670&dest_type=city&group_adults=2&req_adults=2&no_rooms=1&group_children=0&req_children=0&hpos=11&hapos=11&sr_order=popularity&srpvid=8a291795722f02e0&srepoch=1744168876&all_sr_blocks=798907904_410205186_2_2_0_879725&highlighted_blocks=798907904_410205186_2_2_0_879725&matching_block_id=798907904_410205186_2_2_0_879725&sr_pri_blocks=798907904_410205186_2_2_0_879725_146788&from=searchresults
"Hotel Eleven Heights ,Bhopal",Bhopal,"1,349",Very good ,8.2,24 reviews,https://www.booking.com/hotel/in/cherrystay-11-heights.en-gb.html?label=en-in-booking-desktop-SoQWfYhAMBURf0HSQntj1AS652796016141%3Apl%3Ata%3Ap1%3Ap2%3Aac%3Aap%3Aneg%3Afi%3Atikwd-334108349%3Alp9303999%3Ali%3Adec%3Adm&aid=2311236&ucfs=1&arphpl=1&checkin=2025-04-12&checkout=2025-04-13&dest_id=-2091670&dest_type=city&group_adults=2&req_adults=2&no_rooms=1&group_children=0&req_children=0&hpos=12&hapos=12&sr_order=popularity&srpvid=8a291795722f02e0&srepoch=1744168876&all_sr_blocks=831944501_406559309_2_2_0&highlighted_blocks=831944501_406559309_2_2_0&matching_block_id=831944501_406559309_2_2_0&sr_pri_blocks=831944501_406559309_2_2_0__134865&from=searchresults
Giovanni Suites,Bhopal,"3,105",Good ,7.8,168 reviews,https://www.booking.com/hotel/in/giovanni-suits.en-gb.html?label=en-in-booking-desktop-SoQWfYhAMBURf0HSQntj1AS652796016141%3Apl%3Ata%3Ap1%3Ap2%3Aac%3Aap%3Aneg%3Afi%3Atikwd-334108349%3Alp9303999%3Ali%3Adec%3Adm&aid=2311236&ucfs=1&arphpl=1&checkin=2025-04-12&checkout=2025-04-13&dest_id=-2091670&dest_type=city&group_adults=2&req_adults=2&no_rooms=1&group_children=0&req_children=0&hpos=13&hapos=13&sr_order=popularity&srpvid=8a291795722f02e0&srepoch=1744168876&all_sr_blocks=306826710_179863610_2_42_0&highlighted_blocks=306826710_179863610_2_42_0&matching_block_id=306826710_179863610_2_42_0&sr_pri_blocks=306826710_179863610_2_42_0__310500&from=searchresults
Hotel O Mansa,Bhopal,"1,116",Good ,7.0,1 review,https://www.booking.com/hotel/in/oyo-80294-new-mansa.en-gb.html?label=en-in-booking-desktop-SoQWfYhAMBURf0HSQntj1AS652796016141%3Apl%3Ata%3Ap1%3Ap2%3Aac%3Aap%3Aneg%3Afi%3Atikwd-334108349%3Alp9303999%3Ali%3Adec%3Adm&aid=2311236&ucfs=1&arphpl=1&checkin=2025-04-12&checkout=2025-04-13&dest_id=-2091670&dest_type=city&group_adults=2&req_adults=2&no_rooms=1&group_children=0&req_children=0&hpos=14&hapos=14&sr_order=popularity&srpvid=8a291795722f02e0&srepoch=1744168876&all_sr_blocks=724009302_310063452_2_0_0&highlighted_blocks=724009302_310063452_2_0_0&matching_block_id=724009302_310063452_2_0_0&sr_pri_blocks=724009302_310063452_2_0_0__111628&from=searchresults
FabHotel Kamla Regency,Bhopal,"1,481",Superb ,9.0,19 reviews,https://www.booking.com/hotel/in/kamla-regency.en-gb.html?label=en-in-booking-desktop-SoQWfYhAMBURf0HSQntj1AS652796016141%3Apl%3Ata%3Ap1%3Ap2%3Aac%3Aap%3Aneg%3Afi%3Atikwd-334108349%3Alp9303999%3Ali%3Adec%3Adm&aid=2311236&ucfs=1&arphpl=1&checkin=2025-04-12&checkout=2025-04-13&dest_id=-2091670&dest_type=city&group_adults=2&req_adults=2&no_rooms=1&group_children=0&req_children=0&hpos=15&hapos=15&sr_order=popularity&srpvid=8a291795722f02e0&srepoch=1744168876&all_sr_blocks=193546509_410205664_2_0_0_881079&highlighted_blocks=193546509_410205664_2_0_0_881079&matching_block_id=193546509_410205664_2_0_0_881079&sr_pri_blocks=193546509_410205664_2_0_0_881079_148122&from=searchresults
FabHotel CSFC Near Bhopal Railway Station,Bhopal,"1,032",Good ,7.6,441 reviews,https://www.booking.com/hotel/in/oyo-11546-csfc.en-gb.html?label=en-in-booking-desktop-SoQWfYhAMBURf0HSQntj1AS652796016141%3Apl%3Ata%3Ap1%3Ap2%3Aac%3Aap%3Aneg%3Afi%3Atikwd-334108349%3Alp9303999%3Ali%3Adec%3Adm&aid=2311236&ucfs=1&arphpl=1&checkin=2025-04-12&checkout=2025-04-13&dest_id=-2091670&dest_type=city&group_adults=2&req_adults=2&no_rooms=1&group_children=0&req_children=0&hpos=16&hapos=16&sr_order=popularity&srpvid=8a291795722f02e0&srepoch=1744168876&all_sr_blocks=320758403_410205570_2_2_0_879676&highlighted_blocks=320758403_410205570_2_2_0_879676&matching_block_id=320758403_410205570_2_2_0_879676&sr_pri_blocks=320758403_410205570_2_2_0_879676_103194&from=searchresults
Regenta Place Bhopal by Royal Orchid Hotels Limited,Bhopal,"4,051",Very good ,8.1,39 reviews,https://www.booking.com/hotel/in/regenta-place-bhopal-by-royal-orchid-hotels-limited.en-gb.html?label=en-in-booking-desktop-SoQWfYhAMBURf0HSQntj1AS652796016141%3Apl%3Ata%3Ap1%3Ap2%3Aac%3Aap%3Aneg%3Afi%3Atikwd-334108349%3Alp9303999%3Ali%3Adec%3Adm&aid=2311236&ucfs=1&arphpl=1&checkin=2025-04-12&checkout=2025-04-13&dest_id=-2091670&dest_type=city&group_adults=2&req_adults=2&no_rooms=1&group_children=0&req_children=0&hpos=17&hapos=17&sr_order=popularity&srpvid=8a291795722f02e0&srepoch=1744168876&all_sr_blocks=965995701_369091317_2_42_0&highlighted_blocks=965995701_369091317_2_42_0&matching_block_id=965995701_369091317_2_42_0&sr_pri_blocks=965995701_369091317_2_42_0__405090&from=searchresults
Lago villa,Bhopal,"3,800",Very good ,8.3,48 reviews,https://www.booking.com/hotel/in/lago-villa.en-gb.html?label=en-in-booking-desktop-SoQWfYhAMBURf0HSQntj1AS652796016141%3Apl%3Ata%3Ap1%3Ap2%3Aac%3Aap%3Aneg%3Afi%3Atikwd-334108349%3Alp9303999%3Ali%3Adec%3Adm&aid=2311236&ucfs=1&arphpl=1&checkin=2025-04-12&checkout=2025-04-13&dest_id=-2091670&dest_type=city&group_adults=2&req_adults=2&no_rooms=1&group_children=0&req_children=0&hpos=18&hapos=18&sr_order=popularity&srpvid=8a291795722f02e0&srepoch=1744168876&all_sr_blocks=133008403_335426459_2_41_0&highlighted_blocks=133008403_335426459_2_41_0&matching_block_id=133008403_335426459_2_41_0&sr_pri_blocks=133008403_335426459_2_41_0__380000&from=searchresults
The Whispering Palms Resort,Bhopal,"3,420",Review score ,6.8,38 reviews,https://www.booking.com/hotel/in/the-whispering-palms-resort.en-gb.html?label=en-in-booking-desktop-SoQWfYhAMBURf0HSQntj1AS652796016141%3Apl%3Ata%3Ap1%3Ap2%3Aac%3Aap%3Aneg%3Afi%3Atikwd-334108349%3Alp9303999%3Ali%3Adec%3Adm&aid=2311236&ucfs=1&arphpl=1&checkin=2025-04-12&checkout=2025-04-13&dest_id=-2091670&dest_type=city&group_adults=2&req_adults=2&no_rooms=1&group_children=0&req_children=0&hpos=19&hapos=19&sr_order=popularity&srpvid=8a291795722f02e0&srepoch=1744168876&all_sr_blocks=1098447701_382712690_0_41_0&highlighted_blocks=1098447701_382712690_0_41_0&matching_block_id=1098447701_382712690_0_41_0&sr_pri_blocks=1098447701_382712690_0_41_0__342000&from=searchresults
FabHotel The Oasis,Bhopal,"1,076",Very good ,8.0,548 reviews,https://www.booking.com/hotel/in/oyo-premium-mp-nagar-zone-ii.en-gb.html?label=en-in-booking-desktop-SoQWfYhAMBURf0HSQntj1AS652796016141%3Apl%3Ata%3Ap1%3Ap2%3Aac%3Aap%3Aneg%3Afi%3Atikwd-334108349%3Alp9303999%3Ali%3Adec%3Adm&aid=2311236&ucfs=1&arphpl=1&checkin=2025-04-12&checkout=2025-04-13&dest_id=-2091670&dest_type=city&group_adults=2&req_adults=2&no_rooms=1&group_children=0&req_children=0&hpos=20&hapos=20&sr_order=popularity&srpvid=8a291795722f02e0&srepoch=1744168876&all_sr_blocks=151966905_410205690_2_0_0_880681&highlighted_blocks=151966905_410205690_2_0_0_880681&matching_block_id=151966905_410205690_2_0_0_880681&sr_pri_blocks=151966905_410205690_2_0_0_880681_107578&from=searchresults
FabHotel Shree Regency,Bhopal,902,Good ,7.2,492 reviews,https://www.booking.com/hotel/in/oyo-27611-shree-regency-bhopal12345678.en-gb.html?label=en-in-booking-desktop-SoQWfYhAMBURf0HSQntj1AS652796016141%3Apl%3Ata%3Ap1%3Ap2%3Aac%3Aap%3Aneg%3Afi%3Atikwd-334108349%3Alp9303999%3Ali%3Adec%3Adm&aid=2311236&ucfs=1&arphpl=1&checkin=2025-04-12&checkout=2025-04-13&dest_id=-2091670&dest_type=city&group_adults=2&req_adults=2&no_rooms=1&group_children=0&req_children=0&hpos=21&hapos=21&sr_order=popularity&srpvid=8a291795722f02e0&srepoch=1744168876&all_sr_blocks=452181404_410205507_2_2_0_879683&highlighted_blocks=452181404_410205507_2_2_0_879683&matching_block_id=452181404_410205507_2_2_0_879683&sr_pri_blocks=452181404_410205507_2_2_0_879683_90207&from=searchresults
Tunez,Bhopal,"1,350",Exceptional ,9.6,20 reviews,https://www.booking.com/hotel/in/oyo-33423-mother-pride-boy-39-s-hostel.en-gb.html?label=en-in-booking-desktop-SoQWfYhAMBURf0HSQntj1AS652796016141%3Apl%3Ata%3Ap1%3Ap2%3Aac%3Aap%3Aneg%3Afi%3Atikwd-334108349%3Alp9303999%3Ali%3Adec%3Adm&aid=2311236&ucfs=1&arphpl=1&checkin=2025-04-12&checkout=2025-04-13&dest_id=-2091670&dest_type=city&group_adults=2&req_adults=2&no_rooms=1&group_children=0&req_children=0&hpos=22&hapos=22&sr_order=popularity&srpvid=8a291795722f02e0&srepoch=1744168876&all_sr_blocks=481758802_343655986_2_42_0&highlighted_blocks=481758802_343655986_2_42_0&matching_block_id=481758802_343655986_2_42_0&sr_pri_blocks=481758802_343655986_2_42_0__135000&from=searchresults
FabHotel Red Vibe,Bhopal,"1,608",Fabulous ,8.9,22 reviews,https://www.booking.com/hotel/in/fabhotel-red-vibe.en-gb.html?label=en-in-booking-desktop-SoQWfYhAMBURf0HSQntj1AS652796016141%3Apl%3Ata%3Ap1%3Ap2%3Aac%3Aap%3Aneg%3Afi%3Atikwd-334108349%3Alp9303999%3Ali%3Adec%3Adm&aid=2311236&ucfs=1&arphpl=1&checkin=2025-04-12&checkout=2025-04-13&dest_id=-2091670&dest_type=city&group_adults=2&req_adults=2&no_rooms=1&group_children=0&req_children=0&hpos=23&hapos=23&sr_order=popularity&srpvid=8a291795722f02e0&srepoch=1744168876&all_sr_blocks=1311802501_410204430_2_0_0_880888&highlighted_blocks=1311802501_410204430_2_0_0_880888&matching_block_id=1311802501_410204430_2_0_0_880888&sr_pri_blocks=1311802501_410204430_2_0_0_880888_160828&from=searchresults
FabHotel Neena Palace,Bhopal,"1,482",Good ,7.7,73 reviews,https://www.booking.com/hotel/in/oyo-23341-neena-palace-bhopal12345678.en-gb.html?label=en-in-booking-desktop-SoQWfYhAMBURf0HSQntj1AS652796016141%3Apl%3Ata%3Ap1%3Ap2%3Aac%3Aap%3Aneg%3Afi%3Atikwd-334108349%3Alp9303999%3Ali%3Adec%3Adm&aid=2311236&ucfs=1&arphpl=1&checkin=2025-04-12&checkout=2025-04-13&dest_id=-2091670&dest_type=city&group_adults=2&req_adults=2&no_rooms=1&group_children=0&req_children=0&hpos=24&hapos=24&sr_order=popularity&srpvid=8a291795722f02e0&srepoch=1744168876&all_sr_blocks=452181705_410205506_2_2_0_880519&highlighted_blocks=452181705_410205506_2_2_0_880519&matching_block_id=452181705_410205506_2_2_0_880519&sr_pri_blocks=452181705_410205506_2_2_0_880519_148192&from=searchresults
FabHotel Prime Manjeet,Bhopal,"1,850",Good ,7.9,18 reviews,https://www.booking.com/hotel/in/manjeet-bhopal.en-gb.html?label=en-in-booking-desktop-SoQWfYhAMBURf0HSQntj1AS652796016141%3Apl%3Ata%3Ap1%3Ap2%3Aac%3Aap%3Aneg%3Afi%3Atikwd-334108349%3Alp9303999%3Ali%3Adec%3Adm&aid=2311236&ucfs=1&arphpl=1&checkin=2025-04-12&checkout=2025-04-13&dest_id=-2091670&dest_type=city&group_adults=2&req_adults=2&no_rooms=1&group_children=0&req_children=0&hpos=25&hapos=25&sr_order=popularity&srpvid=8a291795722f02e0&srepoch=1744168876&all_sr_blocks=921106808_410204990_2_2_0_880524&highlighted_blocks=921106808_410204990_2_2_0_880524&matching_block_id=921106808_410204990_2_2_0_880524&sr_pri_blocks=921106808_410204990_2_2_0_880524_184977&from=searchresults
FabHotel Benchmark,Indore,"1,746",Fabulous ,8.6,116 reviews,https://www.booking.com/hotel/in/fabhotel-benchmark-indore.en-gb.html?label=en-in-booking-desktop-SoQWfYhAMBURf0HSQntj1AS652796016141%3Apl%3Ata%3Ap1%3Ap2%3Aac%3Aap%3Aneg%3Afi%3Atikwd-334108349%3Alp9303999%3Ali%3Adec%3Adm&aid=2311236&ucfs=1&arphpl=1&checkin=2025-04-14&checkout=2025-04-15&dest_id=-2097803&dest_type=city&group_adults=2&req_adults=2&no_rooms=1&group_children=0&req_children=0&hpos=1&hapos=1&sr_order=popularity&srpvid=27a318c1ceea0ef6&srepoch=1744169476&all_sr_blocks=999542701_410204854_2_2_0_879596&highlighted_blocks=999542701_410204854_2_2_0_879596&matching_block_id=999542701_410204854_2_2_0_879596&sr_pri_blocks=999542701_410204854_2_2_0_879596_174632&from=searchresults
Indore Marriott Hotel,Indore,"7,290",Very good ,8.5,714 reviews,https://www.booking.com/hotel/in/indore-marriott.en-gb.html?label=en-in-booking-desktop-SoQWfYhAMBURf0HSQntj1AS652796016141%3Apl%3Ata%3Ap1%3Ap2%3Aac%3Aap%3Aneg%3Afi%3Atikwd-334108349%3Alp9303999%3Ali%3Adec%3Adm&aid=2311236&ucfs=1&arphpl=1&checkin=2025-04-14&checkout=2025-04-15&dest_id=-2097803&dest_type=city&group_adults=2&req_adults=2&no_rooms=1&group_children=0&req_children=0&hpos=2&hapos=2&sr_order=popularity&srpvid=27a318c1ceea0ef6&srepoch=1744169476&all_sr_blocks=281078001_389586359_2_42_0&highlighted_blocks=281078001_389586359_2_42_0&matching_block_id=281078001_389586359_2_42_0&sr_pri_blocks=281078001_389586359_2_42_0__729000&from=searchresults
Jardin Hotels Teen Imli,Indore,"2,576",Very good ,8.5,19 reviews,https://www.booking.com/hotel/in/jardin-hotels-teen-imli.en-gb.html?label=en-in-booking-desktop-SoQWfYhAMBURf0HSQntj1AS652796016141%3Apl%3Ata%3Ap1%3Ap2%3Aac%3Aap%3Aneg%3Afi%3Atikwd-334108349%3Alp9303999%3Ali%3Adec%3Adm&aid=2311236&ucfs=1&arphpl=1&checkin=2025-04-14&checkout=2025-04-15&dest_id=-2097803&dest_type=city&group_adults=2&req_adults=2&no_rooms=1&group_children=0&req_children=0&hpos=3&hapos=3&sr_order=popularity&srpvid=27a318c1ceea0ef6&srepoch=1744169476&all_sr_blocks=1333285404_405836587_2_26_0&highlighted_blocks=1333285404_405836587_2_26_0&matching_block_id=1333285404_405836587_2_26_0&sr_pri_blocks=1333285404_405836587_2_26_0__257600&from=searchresults
Ginger Indore,Indore,"3,299",Review score ,6.3,201 reviews,https://www.booking.com/hotel/in/ginger-indore.en-gb.html?label=en-in-booking-desktop-SoQWfYhAMBURf0HSQntj1AS652796016141%3Apl%3Ata%3Ap1%3Ap2%3Aac%3Aap%3Aneg%3Afi%3Atikwd-334108349%3Alp9303999%3Ali%3Adec%3Adm&aid=2311236&ucfs=1&arphpl=1&checkin=2025-04-14&checkout=2025-04-15&dest_id=-2097803&dest_type=city&group_adults=2&req_adults=2&no_rooms=1&group_children=0&req_children=0&hpos=4&hapos=4&sr_order=popularity&srpvid=27a318c1ceea0ef6&srepoch=1744169476&all_sr_blocks=29015301_402179010_0_42_0&highlighted_blocks=29015301_402179010_0_42_0&matching_block_id=29015301_402179010_0_42_0&sr_pri_blocks=29015301_402179010_0_42_0__329900&from=searchresults
The Hotel Phoenix,Indore,"1,520",NaN,NaN,NaN,https://www.booking.com/hotel/in/the-phoenix-indore1.en-gb.html?label=en-in-booking-desktop-SoQWfYhAMBURf0HSQntj1AS652796016141%3Apl%3Ata%3Ap1%3Ap2%3Aac%3Aap%3Aneg%3Afi%3Atikwd-334108349%3Alp9303999%3Ali%3Adec%3Adm&aid=2311236&ucfs=1&arphpl=1&checkin=2025-04-14&checkout=2025-04-15&dest_id=-2097803&dest_type=city&group_adults=2&req_adults=2&no_rooms=1&group_children=0&req_children=0&hpos=5&hapos=5&sr_order=popularity&srpvid=27a318c1ceea0ef6&srepoch=1744169476&all_sr_blocks=1389828802_410968446_2_0_0&highlighted_blocks=1389828802_410968446_2_0_0&matching_block_id=1389828802_410968446_2_0_0&sr_pri_blocks=1389828802_410968446_2_0_0__152000&from=searchresults
Essentia Luxury Hotel Indore,Indore,"5,850",Very good ,8.4,662 reviews,https://www.booking.com/hotel/in/essentia-luxury-indore.en-gb.html?label=en-in-booking-desktop-SoQWfYhAMBURf0HSQntj1AS652796016141%3Apl%3Ata%3Ap1%3Ap2%3Aac%3Aap%3Aneg%3Afi%3Atikwd-334108349%3Alp9303999%3Ali%3Adec%3Adm&aid=2311236&ucfs=1&arphpl=1&checkin=2025-04-14&checkout=2025-04-15&dest_id=-2097803&dest_type=city&group_adults=2&req_adults=2&no_rooms=1&group_children=0&req_children=0&hpos=6&hapos=6&sr_order=popularity&srpvid=27a318c1ceea0ef6&srepoch=1744169476&all_sr_blocks=806980001_342156088_2_42_0_266915&highlighted_blocks=806980001_342156088_2_42_0_266915&matching_block_id=806980001_342156088_2_42_0_266915&sr_pri_blocks=806980001_342156088_2_42_0_266915_585000&from=searchresults
"Radisson Blu Hotel, Indore",Indore,"6,200",Very good ,8.1,767 reviews,https://www.booking.com/hotel/in/radisson-blu-indore.en-gb.html?label=en-in-booking-desktop-SoQWfYhAMBURf0HSQntj1AS652796016141%3Apl%3Ata%3Ap1%3Ap2%3Aac%3Aap%3Aneg%3Afi%3Atikwd-334108349%3Alp9303999%3Ali%3Adec%3Adm&aid=2311236&ucfs=1&arphpl=1&checkin=2025-04-14&checkout=2025-04-15&dest_id=-2097803&dest_type=city&group_adults=2&req_adults=2&no_rooms=1&group_children=0&req_children=0&hpos=7&hapos=7&sr_order=popularity&srpvid=27a318c1ceea0ef6&srepoch=1744169476&all_sr_blocks=37727701_340820310_2_42_0_25548&highlighted_blocks=37727701_340820310_2_42_0_25548&matching_block_id=37727701_340820310_2_42_0_25548&sr_pri_blocks=37727701_340820310_2_42_0_25548_620000&from=searchresults
Treebo Premium Omni Residency,Indore,"4,193",Good ,7.9,68 reviews,https://www.booking.com/hotel/in/treebo-tryst-omni-residency.en-gb.html?label=en-in-booking-desktop-SoQWfYhAMBURf0HSQntj1AS652796016141%3Apl%3Ata%3Ap1%3Ap2%3Aac%3Aap%3Aneg%3Afi%3Atikwd-334108349%3Alp9303999%3Ali%3Adec%3Adm&aid=2311236&ucfs=1&arphpl=1&checkin=2025-04-14&checkout=2025-04-15&dest_id=-2097803&dest_type=city&group_adults=2&req_adults=2&no_rooms=1&group_children=0&req_children=0&hpos=8&hapos=8&sr_order=popularity&srpvid=27a318c1ceea0ef6&srepoch=1744169476&all_sr_blocks=1189795801_401329155_2_1_0&highlighted_blocks=1189795801_401329155_2_1_0&matching_block_id=1189795801_401329155_2_1_0&sr_pri_blocks=1189795801_401329155_2_1_0__419334&from=searchresults
"Lemon Tree Hotel, Indore",Indore,"4,496",Good ,7.4,241 reviews,https://www.booking.com/hotel/in/lemon-tree-indore-indore.en-gb.html?label=en-in-booking-desktop-SoQWfYhAMBURf0HSQntj1AS652796016141%3Apl%3Ata%3Ap1%3Ap2%3Aac%3Aap%3Aneg%3Afi%3Atikwd-334108349%3Alp9303999%3Ali%3Adec%3Adm&aid=2311236&ucfs=1&arphpl=1&checkin=2025-04-14&checkout=2025-04-15&dest_id=-2097803&dest_type=city&group_adults=2&req_adults=2&no_rooms=1&group_children=0&req_children=0&hpos=9&hapos=9&sr_order=popularity&srpvid=27a318c1ceea0ef6&srepoch=1744169476&all_sr_blocks=31347501_371642766_2_2_0&highlighted_blocks=31347501_371642766_2_2_0&matching_block_id=31347501_371642766_2_2_0&sr_pri_blocks=31347501_371642766_2_2_0__449600&from=searchresults
Hotel Vilaasitaa vijay nagar,Indore,"1,530",Fabulous ,8.9,95 reviews,https://www.booking.com/hotel/in/vilaasitaa.en-gb.html?label=en-in-booking-desktop-SoQWfYhAMBURf0HSQntj1AS652796016141%3Apl%3Ata%3Ap1%3Ap2%3Aac%3Aap%3Aneg%3Afi%3Atikwd-334108349%3Alp9303999%3Ali%3Adec%3Adm&aid=2311236&ucfs=1&arphpl=1&checkin=2025-04-14&checkout=2025-04-15&dest_id=-2097803&dest_type=city&group_adults=2&req_adults=2&no_rooms=1&group_children=0&req_children=0&hpos=10&hapos=10&sr_order=popularity&srpvid=27a318c1ceea0ef6&srepoch=1744169476&all_sr_blocks=1239457601_395876462_2_41_0&highlighted_blocks=1239457601_395876462_2_41_0&matching_block_id=1239457601_395876462_2_41_0&sr_pri_blocks=1239457601_395876462_2_41_0__152960&from=searchresults
Hotel Grand Girdhar,Indore,"2,774",Review score ,6.2,166 reviews,https://www.booking.com/hotel/in/grand-girdhar.en-gb.html?label=en-in-booking-desktop-SoQWfYhAMBURf0HSQntj1AS652796016141%3Apl%3Ata%3Ap1%3Ap2%3Aac%3Aap%3Aneg%3Afi%3Atikwd-334108349%3Alp9303999%3Ali%3Adec%3Adm&aid=2311236&ucfs=1&arphpl=1&checkin=2025-04-14&checkout=2025-04-15&dest_id=-2097803&dest_type=city&group_adults=2&req_adults=2&no_rooms=1&group_children=0&req_children=0&hpos=11&hapos=11&sr_order=popularity&srpvid=27a318c1ceea0ef6&srepoch=1744169476&all_sr_blocks=704155102_411062423_2_42_0&highlighted_blocks=704155102_411062423_2_42_0&matching_block_id=704155102_411062423_2_42_0&sr_pri_blocks=704155102_411062423_2_42_0__277425&from=searchresults
Sheraton Grand Palace Indore,Indore,"6,250",Very good ,8.4,336 reviews,https://www.booking.com/hotel/in/the-grand-bhagwati-palace.en-gb.html?label=en-in-booking-desktop-SoQWfYhAMBURf0HSQntj1AS652796016141%3Apl%3Ata%3Ap1%3Ap2%3Aac%3Aap%3Aneg%3Afi%3Atikwd-334108349%3Alp9303999%3Ali%3Adec%3Adm&aid=2311236&ucfs=1&arphpl=1&checkin=2025-04-14&checkout=2025-04-15&dest_id=-2097803&dest_type=city&group_adults=2&req_adults=2&no_rooms=1&group_children=0&req_children=0&hpos=12&hapos=12&sr_order=popularity&srpvid=27a318c1ceea0ef6&srepoch=1744169476&all_sr_blocks=206053504_246413687_2_41_0_461257&highlighted_blocks=206053504_246413687_2_41_0_461257&matching_block_id=206053504_246413687_2_41_0_461257&sr_pri_blocks=206053504_246413687_2_41_0_461257_625000&from=searchresults
Enrise By Sayaji Rau Indore,Indore,"4,499",Review score ,6.8,107 reviews,https://www.booking.com/hotel/in/enrise-by-sayaji-indore.en-gb.html?label=en-in-booking-desktop-SoQWfYhAMBURf0HSQntj1AS652796016141%3Apl%3Ata%3Ap1%3Ap2%3Aac%3Aap%3Aneg%3Afi%3Atikwd-334108349%3Alp9303999%3Ali%3Adec%3Adm&aid=2311236&ucfs=1&arphpl=1&checkin=2025-04-14&checkout=2025-04-15&dest_id=-2097803&dest_type=city&group_adults=2&req_adults=2&no_rooms=1&group_children=0&req_children=0&hpos=13&hapos=13&sr_order=popularity&srpvid=27a318c1ceea0ef6&srepoch=1744169476&all_sr_blocks=521744301_347563877_2_42_0&highlighted_blocks=521744301_347563877_2_42_0&matching_block_id=521744301_347563877_2_42_0&sr_pri_blocks=521744301_347563877_2_42_0__449900&from=searchresults
The Red Maple Mashal,Indore,"4,500",Good ,7.8,18 reviews,https://www.booking.com/hotel/in/the-red-maple-mashal.en-gb.html?label=en-in-booking-desktop-SoQWfYhAMBURf0HSQntj1AS652796016141%3Apl%3Ata%3Ap1%3Ap2%3Aac%3Aap%3Aneg%3Afi%3Atikwd-334108349%3Alp9303999%3Ali%3Adec%3Adm&aid=2311236&ucfs=1&arphpl=1&checkin=2025-04-14&checkout=2025-04-15&dest_id=-2097803&dest_type=city&group_adults=2&req_adults=2&no_rooms=1&group_children=0&req_children=0&hpos=14&hapos=14&sr_order=popularity&srpvid=27a318c1ceea0ef6&srepoch=1744169476&all_sr_blocks=112284504_123327084_2_33_0&highlighted_blocks=112284504_123327084_2_33_0&matching_block_id=112284504_123327084_2_33_0&sr_pri_blocks=112284504_123327084_2_33_0__450000&from=searchresults
The Ashoka Hotel,"Vijay Nagar, Indore","1,853",Review score ,6.8,124 reviews,https://www.booking.com/hotel/in/the-ashoka-indore.en-gb.html?label=en-in-booking-desktop-SoQWfYhAMBURf0HSQntj1AS652796016141%3Apl%3Ata%3Ap1%3Ap2%3Aac%3Aap%3Aneg%3Afi%3Atikwd-334108349%3Alp9303999%3Ali%3Adec%3Adm&aid=2311236&ucfs=1&arphpl=1&checkin=2025-04-14&checkout=2025-04-15&dest_id=-2097803&dest_type=city&group_adults=2&req_adults=2&no_rooms=1&group_children=0&req_children=0&hpos=15&hapos=15&sr_order=popularity&srpvid=27a318c1ceea0ef6&srepoch=1744169476&all_sr_blocks=1148926304_387724313_2_42_0_247835&highlighted_blocks=1148926304_387724313_2_42_0_247835&matching_block_id=1148926304_387724313_2_42_0_247835&sr_pri_blocks=1148926304_387724313_2_42_0_247835_185250&from=searchresults
Gaurav hotel and restaurant,Indore,700,NaN,NaN,NaN,https://www.booking.com/hotel/in/gaurav-and-restaurant.en-gb.html?label=en-in-booking-desktop-SoQWfYhAMBURf0HSQntj1AS652796016141%3Apl%3Ata%3Ap1%3Ap2%3Aac%3Aap%3Aneg%3Afi%3Atikwd-334108349%3Alp9303999%3Ali%3Adec%3Adm&aid=2311236&ucfs=1&arphpl=1&checkin=2025-04-14&checkout=2025-04-15&dest_id=-2097803&dest_type=city&group_adults=2&req_adults=2&no_rooms=1&group_children=0&req_children=0&hpos=16&hapos=16&sr_order=popularity&srpvid=27a318c1ceea0ef6&srepoch=1744169476&all_sr_blocks=1380674603_410169098_2_0_0&highlighted_blocks=1380674603_410169098_2_0_0&matching_block_id=1380674603_410169098_2_0_0&sr_pri_blocks=1380674603_410169098_2_0_0__70000&from=searchresults
Playotel Premier Vijay Nagar,Indore,"3,970",Fabulous ,8.9,191 reviews,https://www.booking.com/hotel/in/playotel-premier-vijay-nagar.en-gb.html?label=en-in-booking-desktop-SoQWfYhAMBURf0HSQntj1AS652796016141%3Apl%3Ata%3Ap1%3Ap2%3Aac%3Aap%3Aneg%3Afi%3Atikwd-334108349%3Alp9303999%3Ali%3Adec%3Adm&aid=2311236&ucfs=1&arphpl=1&checkin=2025-04-14&checkout=2025-04-15&dest_id=-2097803&dest_type=city&group_adults=2&req_adults=2&no_rooms=1&group_children=0&req_children=0&hpos=17&hapos=17&sr_order=popularity&srpvid=27a318c1ceea0ef6&srepoch=1744169476&all_sr_blocks=765617101_404887479_2_41_0_388636&highlighted_blocks=765617101_404887479_2_41_0_388636&matching_block_id=765617101_404887479_2_41_0_388636&sr_pri_blocks=765617101_404887479_2_41_0_388636_396990&from=searchresults
Hotel O King Devish Hotel,Indore,"1,786",NaN,NaN,NaN,https://www.booking.com/hotel/in/o-king-devish.en-gb.html?label=en-in-booking-desktop-SoQWfYhAMBURf0HSQntj1AS652796016141%3Apl%3Ata%3Ap1%3Ap2%3Aac%3Aap%3Aneg%3Afi%3Atikwd-334108349%3Alp9303999%3Ali%3Adec%3Adm&aid=2311236&ucfs=1&arphpl=1&checkin=2025-04-14&checkout=2025-04-15&dest_id=-2097803&dest_type=city&group_adults=2&req_adults=2&no_rooms=1&group_children=0&req_children=0&hpos=18&hapos=18&sr_order=popularity&srpvid=27a318c1ceea0ef6&srepoch=1744169476&all_sr_blocks=1392697901_411224658_2_0_0&highlighted_blocks=1392697901_411224658_2_0_0&matching_block_id=1392697901_411224658_2_0_0&sr_pri_blocks=1392697901_411224658_2_0_0__178571&from=searchresults
Hotel O Riddhi Siddhi,Indore,909,Review score ,4.8,42 reviews,https://www.booking.com/hotel/in/oyo-11929-ridhi-sidhi-indore.en-gb.html?label=en-in-booking-desktop-SoQWfYhAMBURf0HSQntj1AS652796016141%3Apl%3Ata%3Ap1%3Ap2%3Aac%3Aap%3Aneg%3Afi%3Atikwd-334108349%3Alp9303999%3Ali%3Adec%3Adm&aid=2311236&ucfs=1&arphpl=1&checkin=2025-04-14&checkout=2025-04-15&dest_id=-2097803&dest_type=city&group_adults=2&req_adults=2&no_rooms=1&group_children=0&req_children=0&hpos=19&hapos=19&sr_order=popularity&srpvid=27a318c1ceea0ef6&srepoch=1744169476&all_sr_blocks=715733302_375711072_2_0_0&highlighted_blocks=715733302_375711072_2_0_0&matching_block_id=715733302_375711072_2_0_0&sr_pri_blocks=715733302_375711072_2_0_0__90889&from=searchresults
Collection O Ring Road Near Vijay Nagar Square,Indore,"1,045",NaN,NaN,NaN,https://www.booking.com/hotel/in/collection-o-ring-road-near-vijay-nagar-square.en-gb.html?label=en-in-booking-desktop-SoQWfYhAMBURf0HSQntj1AS652796016141%3Apl%3Ata%3Ap1%3Ap2%3Aac%3Aap%3Aneg%3Afi%3Atikwd-334108349%3Alp9303999%3Ali%3Adec%3Adm&aid=2311236&ucfs=1&arphpl=1&checkin=2025-04-14&checkout=2025-04-15&dest_id=-2097803&dest_type=city&group_adults=2&req_adults=2&no_rooms=1&group_children=0&req_children=0&hpos=20&hapos=20&sr_order=popularity&srpvid=27a318c1ceea0ef6&srepoch=1744169476&all_sr_blocks=1381846201_410261690_2_0_0&highlighted_blocks=1381846201_410261690_2_0_0&matching_block_id=1381846201_410261690_2_0_0&sr_pri_blocks=1381846201_410261690_2_0_0__104459&from=searchresults
"Hotel President, Pure Veg",Indore,"3,599",Review score ,6.9,145 reviews,https://www.booking.com/hotel/in/president-indore1.en-gb.html?label=en-in-booking-desktop-SoQWfYhAMBURf0HSQntj1AS652796016141%3Apl%3Ata%3Ap1%3Ap2%3Aac%3Aap%3Aneg%3Afi%3Atikwd-334108349%3Alp9303999%3Ali%3Adec%3Adm&aid=2311236&ucfs=1&arphpl=1&checkin=2025-04-14&checkout=2025-04-15&dest_id=-2097803&dest_type=city&group_adults=2&req_adults=2&no_rooms=1&group_children=0&req_children=0&hpos=21&hapos=21&sr_order=popularity&srpvid=27a318c1ceea0ef6&srepoch=1744169476&all_sr_blocks=126819401_335680441_2_2_0&highlighted_blocks=126819401_335680441_2_2_0&matching_block_id=126819401_335680441_2_2_0&sr_pri_blocks=126819401_335680441_2_2_0__359910&from=searchresults
Hotel Vrindavan Palace,Indore,"2,300",Good ,7.4,289 reviews,https://www.booking.com/hotel/in/vrindavan-palace-chhawani-indore-madhya.en-gb.html?label=en-in-booking-desktop-SoQWfYhAMBURf0HSQntj1AS652796016141%3Apl%3Ata%3Ap1%3Ap2%3Aac%3Aap%3Aneg%3Afi%3Atikwd-334108349%3Alp9303999%3Ali%3Adec%3Adm&aid=2311236&ucfs=1&arphpl=1&checkin=2025-04-14&checkout=2025-04-15&dest_id=-2097803&dest_type=city&group_adults=2&req_adults=2&no_rooms=1&group_children=0&req_children=0&hpos=22&hapos=22&sr_order=popularity&srpvid=27a318c1ceea0ef6&srepoch=1744169476&all_sr_blocks=767352101_409839221_2_42_0&highlighted_blocks=767352101_409839221_2_42_0&matching_block_id=767352101_409839221_2_42_0&sr_pri_blocks=767352101_409839221_2_42_0__230000&from=searchresults
The Park Indore,Indore,"9,500",Superb ,9.0,309 reviews,https://www.booking.com/hotel/in/the-park-indore.en-gb.html?label=en-in-booking-desktop-SoQWfYhAMBURf0HSQntj1AS652796016141%3Apl%3Ata%3Ap1%3Ap2%3Aac%3Aap%3Aneg%3Afi%3Atikwd-334108349%3Alp9303999%3Ali%3Adec%3Adm&aid=2311236&ucfs=1&arphpl=1&checkin=2025-04-14&checkout=2025-04-15&dest_id=-2097803&dest_type=city&group_adults=2&req_adults=2&no_rooms=1&group_children=0&req_children=0&hpos=23&hapos=23&sr_order=popularity&srpvid=27a318c1ceea0ef6&srepoch=1744169476&all_sr_blocks=788278804_369342512_2_2_0&highlighted_blocks=788278804_369342512_2_2_0&matching_block_id=788278804_369342512_2_2_0&sr_pri_blocks=788278804_369342512_2_2_0__950000&from=searchresults
FabHotel Day2Day,Indore,"1,545",Fabulous ,8.6,460 reviews,https://www.booking.com/hotel/in/capital-o-64793-day2day.en-gb.html?label=en-in-booking-desktop-SoQWfYhAMBURf0HSQntj1AS652796016141%3Apl%3Ata%3Ap1%3Ap2%3Aac%3Aap%3Aneg%3Afi%3Atikwd-334108349%3Alp9303999%3Ali%3Adec%3Adm&aid=2311236&ucfs=1&arphpl=1&checkin=2025-04-14&checkout=2025-04-15&dest_id=-2097803&dest_type=city&group_adults=2&req_adults=2&no_rooms=1&group_children=0&req_children=0&hpos=24&hapos=24&sr_order=popularity&srpvid=27a318c1ceea0ef6&srepoch=1744169476&all_sr_blocks=594320903_410205412_2_2_0_879944&highlighted_blocks=594320903_410205412_2_2_0_879944&matching_block_id=594320903_410205412_2_2_0_879944&sr_pri_blocks=594320903_410205412_2_2_0_879944_154510&from=searchresults
Townhouse South Tukoganj,Indore,"1,239",Review score ,5.8,55 reviews,https://www.booking.com/hotel/in/lordsinn.en-gb.html?label=en-in-booking-desktop-SoQWfYhAMBURf0HSQntj1AS652796016141%3Apl%3Ata%3Ap1%3Ap2%3Aac%3Aap%3Aneg%3Afi%3Atikwd-334108349%3Alp9303999%3Ali%3Adec%3Adm&aid=2311236&ucfs=1&arphpl=1&checkin=2025-04-14&checkout=2025-04-15&dest_id=-2097803&dest_type=city&group_adults=2&req_adults=2&no_rooms=1&group_children=0&req_children=0&hpos=25&hapos=25&sr_order=popularity&srpvid=27a318c1ceea0ef6&srepoch=1744169476&all_sr_blocks=201148103_340054584_2_0_0&highlighted_blocks=201148103_340054584_2_0_0&matching_block_id=201148103_340054584_2_0_0&sr_pri_blocks=201148103_340054584_2_0_0__123857&from=searchresults
FabHotel Mumbai Corporate rooms JB Nagar Nr Airport,"Western Suburbs, Mumbai","3,491",Good ,7.4,17 reviews,https://www.booking.com/hotel/in/mumbai-corporate-apartments-jb-nagar-near-airport.en-gb.html?label=en-in-booking-desktop-SoQWfYhAMBURf0HSQntj1AS652796016141%3Apl%3Ata%3Ap1%3Ap2%3Aac%3Aap%3Aneg%3Afi%3Atikwd-334108349%3Alp9303999%3Ali%3Adec%3Adm&aid=2311236&ucfs=1&arphpl=1&checkin=2025-04-14&checkout=2025-04-15&dest_id=-2092174&dest_type=city&group_adults=2&req_adults=2&no_rooms=1&group_children=0&req_children=0&hpos=1&hapos=1&sr_order=popularity&srpvid=229b18e7a216014f&srepoch=1744169552&all_sr_blocks=1334322303_410204368_0_0_0&highlighted_blocks=1334322303_410204368_0_0_0&matching_block_id=1334322303_410204368_0_0_0&sr_pri_blocks=1334322303_410204368_0_0_0__349144&from=searchresults
Ginger Mumbai Airport,"Western Suburbs, Mumbai","5,999",Good ,7.3,"1,137 reviews",https://www.booking.com/hotel/in/ginger-mumbai-airport.en-gb.html?label=en-in-booking-desktop-SoQWfYhAMBURf0HSQntj1AS652796016141%3Apl%3Ata%3Ap1%3Ap2%3Aac%3Aap%3Aneg%3Afi%3Atikwd-334108349%3Alp9303999%3Ali%3Adec%3Adm&aid=2311236&ucfs=1&arphpl=1&checkin=2025-04-14&checkout=2025-04-15&dest_id=-2092174&dest_type=city&group_adults=2&req_adults=2&no_rooms=1&group_children=0&req_children=0&hpos=2&hapos=2&sr_order=popularity&srpvid=229b18e7a216014f&srepoch=1744169552&all_sr_blocks=1050137901_379553651_0_42_0&highlighted_blocks=1050137901_379553651_0_42_0&matching_block_id=1050137901_379553651_0_42_0&sr_pri_blocks=1050137901_379553651_0_42_0__599900&from=searchresults
Ginger Mumbai Andheri (MIDC),"Western Suburbs, Mumbai","3,999",Good ,7.3,515 reviews,https://www.booking.com/hotel/in/ginger-mumbai-andheri.en-gb.html?label=en-in-booking-desktop-SoQWfYhAMBURf0HSQntj1AS652796016141%3Apl%3Ata%3Ap1%3Ap2%3Aac%3Aap%3Aneg%3Afi%3Atikwd-334108349%3Alp9303999%3Ali%3Adec%3Adm&aid=2311236&ucfs=1&arphpl=1&checkin=2025-04-14&checkout=2025-04-15&dest_id=-2092174&dest_type=city&group_adults=2&req_adults=2&no_rooms=1&group_children=0&req_children=0&hpos=3&hapos=3&sr_order=popularity&srpvid=229b18e7a216014f&srepoch=1744169552&all_sr_blocks=40456401_403900064_0_42_0_375764&highlighted_blocks=40456401_403900064_0_42_0_375764&matching_block_id=40456401_403900064_0_42_0_375764&sr_pri_blocks=40456401_403900064_0_42_0_375764_399900&from=searchresults
hotel aadhya inn,"Western Suburbs, Mumbai","1,699",NaN,NaN,NaN,https://www.booking.com/hotel/in/hotelaadhyainn.en-gb.html?label=en-in-booking-desktop-SoQWfYhAMBURf0HSQntj1AS652796016141%3Apl%3Ata%3Ap1%3Ap2%3Aac%3Aap%3Aneg%3Afi%3Atikwd-334108349%3Alp9303999%3Ali%3Adec%3Adm&aid=2311236&ucfs=1&arphpl=1&checkin=2025-04-14&checkout=2025-04-15&dest_id=-2092174&dest_type=city&group_adults=2&req_adults=2&no_rooms=1&group_children=0&req_children=0&hpos=4&hapos=4&sr_order=popularity&srpvid=229b18e7a216014f&srepoch=1744169552&all_sr_blocks=1391503501_411122181_2_0_0&highlighted_blocks=1391503501_411122181_2_0_0&matching_block_id=1391503501_411122181_2_0_0&sr_pri_blocks=1391503501_411122181_2_0_0__169915&from=searchresults
ibis Mumbai Airport - An Accor Brand,"Western Suburbs, Mumbai","7,350",Review score ,6.4,"1,285 reviews",https://www.booking.com/hotel/in/ibis-mumbai.en-gb.html?label=en-in-booking-desktop-SoQWfYhAMBURf0HSQntj1AS652796016141%3Apl%3Ata%3Ap1%3Ap2%3Aac%3Aap%3Aneg%3Afi%3Atikwd-334108349%3Alp9303999%3Ali%3Adec%3Adm&aid=2311236&ucfs=1&arphpl=1&checkin=2025-04-14&checkout=2025-04-15&dest_id=-2092174&dest_type=city&group_adults=2&req_adults=2&no_rooms=1&group_children=0&req_children=0&hpos=5&hapos=5&sr_order=popularity&srpvid=229b18e7a216014f&srepoch=1744169552&all_sr_blocks=27389701_95454359_2_42_0&highlighted_blocks=27389701_95454359_2_42_0&matching_block_id=27389701_95454359_2_42_0&sr_pri_blocks=27389701_95454359_2_42_0__735000&from=searchresults
"Ginger Mumbai, Andheri","Western Suburbs, Mumbai","5,299",Review score ,6.4,"1,379 reviews",https://www.booking.com/hotel/in/ginger-mumbai-andheri-mumbai.en-gb.html?label=en-in-booking-desktop-SoQWfYhAMBURf0HSQntj1AS652796016141%3Apl%3Ata%3Ap1%3Ap2%3Aac%3Aap%3Aneg%3Afi%3Atikwd-334108349%3Alp9303999%3Ali%3Adec%3Adm&aid=2311236&ucfs=1&arphpl=1&checkin=2025-04-14&checkout=2025-04-15&dest_id=-2092174&dest_type=city&group_adults=2&req_adults=2&no_rooms=1&group_children=0&req_children=0&hpos=6&hapos=6&sr_order=popularity&srpvid=229b18e7a216014f&srepoch=1744169552&all_sr_blocks=221456403_403900067_0_42_0_375776&highlighted_blocks=221456403_403900067_0_42_0_375776&matching_block_id=221456403_403900067_0_42_0_375776&sr_pri_blocks=221456403_403900067_0_42_0_375776_529900&from=searchresults
Glitz Hotels Regal International - Nr International Airport Mumbai,"Western Suburbs, Mumbai","2,339",NaN,NaN,NaN,https://www.booking.com/hotel/in/glitz-hotels-eagle-international-nr-international-airport-mumbai.en-gb.html?label=en-in-booking-desktop-SoQWfYhAMBURf0HSQntj1AS652796016141%3Apl%3Ata%3Ap1%3Ap2%3Aac%3Aap%3Aneg%3Afi%3Atikwd-334108349%3Alp9303999%3Ali%3Adec%3Adm&aid=2311236&ucfs=1&arphpl=1&checkin=2025-04-14&checkout=2025-04-15&dest_id=-2092174&dest_type=city&group_adults=2&req_adults=2&no_rooms=1&group_children=0&req_children=0&hpos=7&hapos=7&sr_order=popularity&srpvid=229b18e7a216014f&srepoch=1744169552&all_sr_blocks=1390319401_411003252_2_2_0&highlighted_blocks=1390319401_411003252_2_2_0&matching_block_id=1390319401_411003252_2_2_0&sr_pri_blocks=1390319401_411003252_2_2_0__233910&from=searchresults
Novotel Mumbai International Airport,"Western Suburbs, Mumbai","9,899",Fabulous ,8.6,"1,864 reviews",https://www.booking.com/hotel/in/novotel-mumbai-international-airport.en-gb.html?label=en-in-booking-desktop-SoQWfYhAMBURf0HSQntj1AS652796016141%3Apl%3Ata%3Ap1%3Ap2%3Aac%3Aap%3Aneg%3Afi%3Atikwd-334108349%3Alp9303999%3Ali%3Adec%3Adm&aid=2311236&ucfs=1&arphpl=1&checkin=2025-04-14&checkout=2025-04-15&dest_id=-2092174&dest_type=city&group_adults=2&req_adults=2&no_rooms=1&group_children=0&req_children=0&hpos=8&hapos=8&sr_order=popularity&srpvid=229b18e7a216014f&srepoch=1744169552&all_sr_blocks=936061201_365769415_2_42_0&highlighted_blocks=936061201_365769415_2_42_0&matching_block_id=936061201_365769415_2_42_0&sr_pri_blocks=936061201_365769415_2_42_0__989900&from_sustainable_property_sr=1&from=searchresults
"Aurika, Mumbai International Airport","Western Suburbs, Mumbai","7,545",Fabulous ,8.6,851 reviews,https://www.booking.com/hotel/in/aurika-mumbai-skycity.en-gb.html?label=en-in-booking-desktop-SoQWfYhAMBURf0HSQntj1AS652796016141%3Apl%3Ata%3Ap1%3Ap2%3Aac%3Aap%3Aneg%3Afi%3Atikwd-334108349%3Alp9303999%3Ali%3Adec%3Adm&aid=2311236&ucfs=1&arphpl=1&checkin=2025-04-14&checkout=2025-04-15&dest_id=-2092174&dest_type=city&group_adults=2&req_adults=2&no_rooms=1&group_children=0&req_children=0&hpos=9&hapos=9&sr_order=popularity&srpvid=229b18e7a216014f&srepoch=1744169552&all_sr_blocks=1067986101_408968908_2_0_0&highlighted_blocks=1067986101_408968908_2_0_0&matching_block_id=1067986101_408968908_2_0_0&sr_pri_blocks=1067986101_408968908_2_0_0__754528&from=searchresults
Trident Nariman Point,"South Mumbai, Mumbai","14,000",Fabulous ,8.8,"4,573 reviews",https://www.booking.com/hotel/in/trident-nariman-point.en-gb.html?label=en-in-booking-desktop-SoQWfYhAMBURf0HSQntj1AS652796016141%3Apl%3Ata%3Ap1%3Ap2%3Aac%3Aap%3Aneg%3Afi%3Atikwd-334108349%3Alp9303999%3Ali%3Adec%3Adm&aid=2311236&ucfs=1&arphpl=1&checkin=2025-04-14&checkout=2025-04-15&dest_id=-2092174&dest_type=city&group_adults=2&req_adults=2&no_rooms=1&group_children=0&req_children=0&hpos=10&hapos=10&sr_order=popularity&srpvid=229b18e7a216014f&srepoch=1744169552&all_sr_blocks=7879403_364831139_2_2_0&highlighted_blocks=7879403_364831139_2_2_0&matching_block_id=7879403_364831139_2_2_0&sr_pri_blocks=7879403_364831139_2_2_0__1400000&from=searchresults
Hotel sharda,"South Mumbai, Mumbai","2,520",NaN,NaN,NaN,https://www.booking.com/hotel/in/sharda-mumbai2.en-gb.html?label=en-in-booking-desktop-SoQWfYhAMBURf0HSQntj1AS652796016141%3Apl%3Ata%3Ap1%3Ap2%3Aac%3Aap%3Aneg%3Afi%3Atikwd-334108349%3Alp9303999%3Ali%3Adec%3Adm&aid=2311236&ucfs=1&arphpl=1&checkin=2025-04-14&checkout=2025-04-15&dest_id=-2092174&dest_type=city&group_adults=2&req_adults=2&no_rooms=1&group_children=0&req_children=0&hpos=11&hapos=11&sr_order=popularity&srpvid=229b18e7a216014f&srepoch=1744169552&all_sr_blocks=1391150807_411080603_0_2_0&highlighted_blocks=1391150807_411080603_0_2_0&matching_block_id=1391150807_411080603_0_2_0&sr_pri_blocks=1391150807_411080603_0_2_0__252000&from=searchresults
Novotel Mumbai Juhu Beach,"Juhu, Mumbai","9,800",Review score ,6.2,"2,147 reviews",https://www.booking.com/hotel/in/novotel-mumbai-juhu-beach.en-gb.html?label=en-in-booking-desktop-SoQWfYhAMBURf0HSQntj1AS652796016141%3Apl%3Ata%3Ap1%3Ap2%3Aac%3Aap%3Aneg%3Afi%3Atikwd-334108349%3Alp9303999%3Ali%3Adec%3Adm&aid=2311236&ucfs=1&arphpl=1&checkin=2025-04-14&checkout=2025-04-15&dest_id=-2092174&dest_type=city&group_adults=2&req_adults=2&no_rooms=1&group_children=0&req_children=0&hpos=12&hapos=12&sr_order=popularity&srpvid=229b18e7a216014f&srepoch=1744169552&all_sr_blocks=19160501_246100790_2_34_0&highlighted_blocks=19160501_246100790_2_34_0&matching_block_id=19160501_246100790_2_34_0&sr_pri_blocks=19160501_246100790_2_34_0__980000&from=searchresults
Trident Bandra Kurla,"Bandra, Mumbai","13,250",Fabulous ,8.9,"3,556 reviews",https://www.booking.com/hotel/in/the-trident-bandra-kurla.en-gb.html?label=en-in-booking-desktop-SoQWfYhAMBURf0HSQntj1AS652796016141%3Apl%3Ata%3Ap1%3Ap2%3Aac%3Aap%3Aneg%3Afi%3Atikwd-334108349%3Alp9303999%3Ali%3Adec%3Adm&aid=2311236&ucfs=1&arphpl=1&checkin=2025-04-14&checkout=2025-04-15&dest_id=-2092174&dest_type=city&group_adults=2&req_adults=2&no_rooms=1&group_children=0&req_children=0&hpos=13&hapos=13&sr_order=popularity&srpvid=229b18e7a216014f&srepoch=1744169552&all_sr_blocks=39920822_409221654_2_42_0&highlighted_blocks=39920822_409221654_2_42_0&matching_block_id=39920822_409221654_2_42_0&sr_pri_blocks=39920822_409221654_2_42_0__1325000&from=searchresults
Hotel Cliff Garden,"Central Suburbs, Mumbai","2,800",NaN,NaN,NaN,https://www.booking.com/hotel/in/cliff-garden-mumbai.en-gb.html?label=en-in-booking-desktop-SoQWfYhAMBURf0HSQntj1AS652796016141%3Apl%3Ata%3Ap1%3Ap2%3Aac%3Aap%3Aneg%3Afi%3Atikwd-334108349%3Alp9303999%3Ali%3Adec%3Adm&aid=2311236&ucfs=1&arphpl=1&checkin=2025-04-14&checkout=2025-04-15&dest_id=-2092174&dest_type=city&group_adults=2&req_adults=2&no_rooms=1&group_children=0&req_children=0&hpos=14&hapos=14&sr_order=popularity&srpvid=229b18e7a216014f&srepoch=1744169552&all_sr_blocks=1392135502_411175973_2_2_0&highlighted_blocks=1392135502_411175973_2_2_0&matching_block_id=1392135502_411175973_2_2_0&sr_pri_blocks=1392135502_411175973_2_2_0__280000&from=searchresults
Vibes Inn Juhu,"Juhu, Mumbai","3,400",Review score ,6.1,68 reviews,https://www.booking.com/hotel/in/vibes-inn-mumbai1.en-gb.html?label=en-in-booking-desktop-SoQWfYhAMBURf0HSQntj1AS652796016141%3Apl%3Ata%3Ap1%3Ap2%3Aac%3Aap%3Aneg%3Afi%3Atikwd-334108349%3Alp9303999%3Ali%3Adec%3Adm&aid=2311236&ucfs=1&arphpl=1&checkin=2025-04-14&checkout=2025-04-15&dest_id=-2092174&dest_type=city&group_adults=2&req_adults=2&no_rooms=1&group_children=0&req_children=0&hpos=15&hapos=15&sr_order=popularity&srpvid=229b18e7a216014f&srepoch=1744169552&all_sr_blocks=1324746403_405111183_2_1_0&highlighted_blocks=1324746403_405111183_2_1_0&matching_block_id=1324746403_405111183_2_1_0&sr_pri_blocks=1324746403_405111183_2_1_0__340000&from=searchresults
Theory9 Premium Service Apartments Bandra,"Bandra, Mumbai","8,549",Very good ,8.4,518 reviews,https://www.booking.com/hotel/in/theory9-premium-service-apts-bandra-west.en-gb.html?label=en-in-booking-desktop-SoQWfYhAMBURf0HSQntj1AS652796016141%3Apl%3Ata%3Ap1%3Ap2%3Aac%3Aap%3Aneg%3Afi%3Atikwd-334108349%3Alp9303999%3Ali%3Adec%3Adm&aid=2311236&ucfs=1&arphpl=1&checkin=2025-04-14&checkout=2025-04-15&dest_id=-2092174&dest_type=city&group_adults=2&req_adults=2&no_rooms=1&group_children=0&req_children=0&hpos=16&hapos=16&sr_order=popularity&srpvid=229b18e7a216014f&srepoch=1744169552&all_sr_blocks=623401301_375589976_2_2_0_376050&highlighted_blocks=623401301_375589976_2_2_0_376050&matching_block_id=623401301_375589976_2_2_0_376050&sr_pri_blocks=623401301_375589976_2_2_0_376050_854905&from=searchresults
Hotel Parle International,"Western Suburbs, Mumbai","5,220",Good ,7.7,266 reviews,https://www.booking.com/hotel/in/parle-international-mumbai.en-gb.html?label=en-in-booking-desktop-SoQWfYhAMBURf0HSQntj1AS652796016141%3Apl%3Ata%3Ap1%3Ap2%3Aac%3Aap%3Aneg%3Afi%3Atikwd-334108349%3Alp9303999%3Ali%3Adec%3Adm&aid=2311236&ucfs=1&arphpl=1&checkin=2025-04-14&checkout=2025-04-15&dest_id=-2092174&dest_type=city&group_adults=2&req_adults=2&no_rooms=1&group_children=0&req_children=0&hpos=17&hapos=17&sr_order=popularity&srpvid=229b18e7a216014f&srepoch=1744169552&all_sr_blocks=23898705_384105135_2_42_0&highlighted_blocks=23898705_384105135_2_42_0&matching_block_id=23898705_384105135_2_42_0&sr_pri_blocks=23898705_384105135_2_42_0__522000&from=searchresults
Moxy Mumbai Andheri West,"Western Suburbs, Mumbai","9,000",Superb ,9.0,147 reviews,https://www.booking.com/hotel/in/moxy-mumbai-andheri-west.en-gb.html?label=en-in-booking-desktop-SoQWfYhAMBURf0HSQntj1AS652796016141%3Apl%3Ata%3Ap1%3Ap2%3Aac%3Aap%3Aneg%3Afi%3Atikwd-334108349%3Alp9303999%3Ali%3Adec%3Adm&aid=2311236&ucfs=1&arphpl=1&checkin=2025-04-14&checkout=2025-04-15&dest_id=-2092174&dest_type=city&group_adults=2&req_adults=2&no_rooms=1&group_children=0&req_children=0&hpos=18&hapos=18&sr_order=popularity&srpvid=229b18e7a216014f&srepoch=1744169552&all_sr_blocks=1234957805_409509308_0_40_0&highlighted_blocks=1234957805_409509308_0_40_0&matching_block_id=1234957805_409509308_0_40_0&sr_pri_blocks=1234957805_409509308_0_40_0__900000&from=searchresults
Bandra Stays,"Bandra, Mumbai","3,690",Review score ,6.6,8 reviews,https://www.booking.com/hotel/in/bandra-stays.en-gb.html?label=en-in-booking-desktop-SoQWfYhAMBURf0HSQntj1AS652796016141%3Apl%3Ata%3Ap1%3Ap2%3Aac%3Aap%3Aneg%3Afi%3Atikwd-334108349%3Alp9303999%3Ali%3Adec%3Adm&aid=2311236&ucfs=1&arphpl=1&checkin=2025-04-14&checkout=2025-04-15&dest_id=-2092174&dest_type=city&group_adults=2&req_adults=2&no_rooms=1&group_children=0&req_children=0&hpos=19&hapos=19&sr_order=popularity&srpvid=229b18e7a216014f&srepoch=1744169552&all_sr_blocks=1322922101_404963042_2_0_0&highlighted_blocks=1322922101_404963042_2_0_0&matching_block_id=1322922101_404963042_2_0_0&sr_pri_blocks=1322922101_404963042_2_0_0__369000&from=searchresults
City Guest House - Dadar,"Dadar, Mumbai","2,599",Review score ,6.1,203 reviews,https://www.booking.com/hotel/in/city-guest-house.en-gb.html?label=en-in-booking-desktop-SoQWfYhAMBURf0HSQntj1AS652796016141%3Apl%3Ata%3Ap1%3Ap2%3Aac%3Aap%3Aneg%3Afi%3Atikwd-334108349%3Alp9303999%3Ali%3Adec%3Adm&aid=2311236&ucfs=1&arphpl=1&checkin=2025-04-14&checkout=2025-04-15&dest_id=-2092174&dest_type=city&group_adults=2&req_adults=2&no_rooms=1&group_children=0&req_children=0&hpos=20&hapos=20&sr_order=popularity&srpvid=229b18e7a216014f&srepoch=1744169552&all_sr_blocks=148518910_96050447_0_2_0&highlighted_blocks=148518910_96050447_0_2_0&matching_block_id=148518910_96050447_0_2_0&sr_pri_blocks=148518910_96050447_0_2_0__259900&from=searchresults
Esquire Hotel Near BKC Mumbai,"Central Suburbs, Mumbai","3,920",Review score ,6.4,70 reviews,https://www.booking.com/hotel/in/esquire-near-bkc-mumbai.en-gb.html?label=en-in-booking-desktop-SoQWfYhAMBURf0HSQntj1AS652796016141%3Apl%3Ata%3Ap1%3Ap2%3Aac%3Aap%3Aneg%3Afi%3Atikwd-334108349%3Alp9303999%3Ali%3Adec%3Adm&aid=2311236&ucfs=1&arphpl=1&checkin=2025-04-14&checkout=2025-04-15&dest_id=-2092174&dest_type=city&group_adults=2&req_adults=2&no_rooms=1&group_children=0&req_children=0&hpos=21&hapos=21&sr_order=popularity&srpvid=229b18e7a216014f&srepoch=1744169552&all_sr_blocks=1273952801_405481415_0_42_0&highlighted_blocks=1273952801_405481415_0_42_0&matching_block_id=1273952801_405481415_0_42_0&sr_pri_blocks=1273952801_405481415_0_42_0__392000&from=searchresults
Stay Retreats - Hotel Premier,"Western Suburbs, Mumbai","3,549",NaN,NaN,NaN,https://www.booking.com/hotel/in/stay-retreats-premier.en-gb.html?label=en-in-booking-desktop-SoQWfYhAMBURf0HSQntj1AS652796016141%3Apl%3Ata%3Ap1%3Ap2%3Aac%3Aap%3Aneg%3Afi%3Atikwd-334108349%3Alp9303999%3Ali%3Adec%3Adm&aid=2311236&ucfs=1&arphpl=1&checkin=2025-04-14&checkout=2025-04-15&dest_id=-2092174&dest_type=city&group_adults=2&req_adults=2&no_rooms=1&group_children=0&req_children=0&hpos=22&hapos=22&sr_order=popularity&srpvid=229b18e7a216014f&srepoch=1744169552&all_sr_blocks=1392043601_411167983_2_2_0&highlighted_blocks=1392043601_411167983_2_2_0&matching_block_id=1392043601_411167983_2_2_0&sr_pri_blocks=1392043601_411167983_2_2_0__354900&from=searchresults
Apex Hotel,"Western Suburbs, Mumbai","1,319",Review score ,3.4,191 reviews,https://www.booking.com/hotel/in/apex-mumbai.en-gb.html?label=en-in-booking-desktop-SoQWfYhAMBURf0HSQntj1AS652796016141%3Apl%3Ata%3Ap1%3Ap2%3Aac%3Aap%3Aneg%3Afi%3Atikwd-334108349%3Alp9303999%3Ali%3Adec%3Adm&aid=2311236&ucfs=1&arphpl=1&checkin=2025-04-14&checkout=2025-04-15&dest_id=-2092174&dest_type=city&group_adults=2&req_adults=2&no_rooms=1&group_children=0&req_children=0&hpos=23&hapos=23&sr_order=popularity&srpvid=229b18e7a216014f&srepoch=1744169552&all_sr_blocks=1004632002_373224638_2_2_0&highlighted_blocks=1004632002_373224638_2_2_0&matching_block_id=1004632002_373224638_2_2_0&sr_pri_blocks=1004632002_373224638_2_2_0__131945&from=searchresults
"Ginger Mumbai, Goregaon","Western Suburbs, Mumbai","4,799",Good ,7.9,646 reviews,https://www.booking.com/hotel/in/ginger-mumbai-goregaon.en-gb.html?label=en-in-booking-desktop-SoQWfYhAMBURf0HSQntj1AS652796016141%3Apl%3Ata%3Ap1%3Ap2%3Aac%3Aap%3Aneg%3Afi%3Atikwd-334108349%3Alp9303999%3Ali%3Adec%3Adm&aid=2311236&ucfs=1&arphpl=1&checkin=2025-04-14&checkout=2025-04-15&dest_id=-2092174&dest_type=city&group_adults=2&req_adults=2&no_rooms=1&group_children=0&req_children=0&hpos=24&hapos=24&sr_order=popularity&srpvid=229b18e7a216014f&srepoch=1744169552&all_sr_blocks=856120101_403900069_0_42_0_375791&highlighted_blocks=856120101_403900069_0_42_0_375791&matching_block_id=856120101_403900069_0_42_0_375791&sr_pri_blocks=856120101_403900069_0_42_0_375791_479900&from=searchresults
Home2 Renaissance Club,"Western Suburbs, Mumbai","7,000",Good ,7.3,259 reviews,https://www.booking.com/hotel/in/home2-renaissance-club.en-gb.html?label=en-in-booking-desktop-SoQWfYhAMBURf0HSQntj1AS652796016141%3Apl%3Ata%3Ap1%3Ap2%3Aac%3Aap%3Aneg%3Afi%3Atikwd-334108349%3Alp9303999%3Ali%3Adec%3Adm&aid=2311236&ucfs=1&arphpl=1&checkin=2025-04-14&checkout=2025-04-15&dest_id=-2092174&dest_type=city&group_adults=2&req_adults=2&no_rooms=1&group_children=0&req_children=0&hpos=25&hapos=25&sr_order=popularity&srpvid=229b18e7a216014f&srepoch=1744169552&all_sr_blocks=1086939907_381712491_2_2_0&highlighted_blocks=1086939907_381712491_2_2_0&matching_block_id=1086939907_381712491_2_2_0&sr_pri_blocks=1086939907_381712491_2_2_0__700000&from=searchresults
